Model;Parameter;Address;Conversion;ReadWrite;ByteLength;DefaultValue;Unit;Stepping;DataType;ValuePrecision;LowerBorder;UpperBorder;Values;Descriptions
VBC700_BW_WW;WPR_Geraeteklasse~0x00F7;0x00F7;NoConversion;R;1;;;NULL;Int;NULL;NULL;NULL;NULL;
VBC700_BW_WW;SystemIdent_SX~0x00F8;0x00F8;NoConversion;R;1;;;NULL;VarChar;NULL;NULL;NULL;NULL;
VBC700_BW_WW;WPR_GeraetevariantenErkennung~0x00F9;0x00F9;NoConversion;R;1;;;NULL;Binary;NULL;NULL;NULL;NULL;
VBC700_BW_WW;WPR_Hardware_Index~0x00FA;0x00FA;NoConversion;R;1;;;NULL;Int;NULL;NULL;NULL;NULL;
VBC700_BW_WW;WPR_Software_Index~0x00FB;0x00FB;NoConversion;R;1;;;NULL;Int;NULL;NULL;NULL;NULL;
VBC700_BW_WW;WPR_Protokollversion_LDAP~0x00FC;0x00FC;NoConversion;R;1;;;NULL;Int;NULL;NULL;NULL;NULL;
VBC700_BW_WW;WPR_Protokollversion_RDAP~0x00FD;0x00FD;NoConversion;R;1;;;NULL;Int;NULL;NULL;NULL;NULL;
VBC700_BW_WW;WPR_Software_Version_Byte1~0x00FE;0x00FE;NoConversion;R;1;;;NULL;Int;NULL;NULL;NULL;NULL;
VBC700_BW_WW;WPR_Software_Version_Byte2~0x00FF;0x00FF;NoConversion;R;1;;;NULL;Int;NULL;NULL;NULL;NULL;
VBC700_BW_WW;WPR_Aussentemperatur~0x0101;0x0101;Div10;R;2;;ecnUnit.Grad C;NULL;Float;NULL;NULL;NULL;NULL;
VBC700_BW_WW;WPR_Verdampfertemperatur~0x0102;0x0102;Div100;R;2;;ecnUnit.Grad C;NULL;Float;NULL;NULL;NULL;NULL;
VBC700_BW_WW;WPR_Vorlauftemperatur_Primaerquelle~0x0103;0x0103;Div10;R;2;;ecnUnit.Grad C;NULL;Float;NULL;NULL;NULL;NULL;
VBC700_BW_WW;WPR_Ruecklauftemperatur_Primaerquelle~0x0104;0x0104;Div10;R;2;;ecnUnit.Grad C;NULL;Float;NULL;NULL;NULL;NULL;
VBC700_BW_WW;WPR_Vorlauftemperatur_Sek~0x0105;0x0105;Div10;R;2;;ecnUnit.Grad C;NULL;Float;NULL;NULL;NULL;NULL;
VBC700_BW_WW;WPR_Ruecklauftemperatur_Sek1~0x0106;0x0106;Div10;R;2;;ecnUnit.Grad C;NULL;Float;NULL;NULL;NULL;NULL;
VBC700_BW_WW;WPR_Ruecklauftemperatur_Sek2~0x0107;0x0107;Div10;R;2;;ecnUnit.Grad C;NULL;Float;NULL;NULL;NULL;NULL;
VBC700_BW_WW;WPR_Heissgastemperatur1~0x0108;0x0108;Div10;R;2;;ecnUnit.Grad C;NULL;Float;NULL;NULL;NULL;NULL;
VBC700_BW_WW;WPR_Heissgastemperatur2~0x0109;0x0109;Div10;R;2;;ecnUnit.Grad C;NULL;Float;NULL;NULL;NULL;NULL;
VBC700_BW_WW;WPR_Anlagenvorlauftemperatur~0x010A;0x010A;Div10;R;2;;ecnUnit.Grad C;NULL;Float;NULL;NULL;NULL;NULL;
VBC700_BW_WW;WPR_HeizwasserPufferspeicher_Temperatur~0x010B;0x010B;Div10;R;2;;ecnUnit.Grad C;NULL;Float;NULL;NULL;NULL;NULL;
VBC700_BW_WW;WPR_Mediumtemperatur_extWaermeerzeuger~0x010C;0x010C;Div10;R;2;;ecnUnit.Grad C;NULL;Float;NULL;NULL;NULL;NULL;
VBC700_BW_WW;WPR_Warmwasser_TemperaturOben~0x010D;0x010D;Div10;R;2;;ecnUnit.Grad C;NULL;Float;NULL;NULL;NULL;NULL;
VBC700_BW_WW;WPR_Warmwasser_TemperaturUnten~0x010E;0x010E;Div10;R;2;;ecnUnit.Grad C;NULL;Float;NULL;NULL;NULL;NULL;
VBC700_BW_WW;WPR_Warmwasser_TemperaturMitte~0x010F;0x010F;Div10;R;2;;ecnUnit.Grad C;NULL;Float;NULL;NULL;NULL;NULL;
VBC700_BW_WW;WPR_Warmwasser_TemperaturAusgang~0x0110;0x0110;Div10;R;2;;ecnUnit.Grad C;NULL;Float;NULL;NULL;NULL;NULL;
VBC700_BW_WW;WPR_Kollektortemperatur_Solar~0x0111;0x0111;Div10;R;2;;ecnUnit.Grad C;NULL;Float;NULL;NULL;NULL;NULL;
VBC700_BW_WW;WPR_Ruecklauftemperatur_Solar~0x0112;0x0112;Div10;R;2;;ecnUnit.Grad C;NULL;Float;NULL;NULL;NULL;NULL;
VBC700_BW_WW;WPR_Speichertemperatur_SolarmodulVitosolic~0x0113;0x0113;Div10;R;2;;ecnUnit.Grad C;NULL;Float;NULL;NULL;NULL;NULL;
VBC700_BW_WW;WPR_Vorlauftemperatur_HK_M2~0x0114;0x0114;Div10;R;2;;ecnUnit.Grad C;NULL;Float;NULL;NULL;NULL;NULL;
VBC700_BW_WW;WPR_Vorlauftemperatur_HK_M3~0x0115;0x0115;Div10;R;2;;ecnUnit.Grad C;NULL;Float;NULL;NULL;NULL;NULL;
VBC700_BW_WW;WPR_Raumtemperatur_HK_A1_Vitotrol~0x0116;0x0116;Div10;R;2;;ecnUnit.Grad C;NULL;Float;NULL;NULL;NULL;NULL;
VBC700_BW_WW;WPR_Raumtemperatur_HK_M2_Vitotrol~0x0117;0x0117;Div10;R;2;;ecnUnit.Grad C;NULL;Float;NULL;NULL;NULL;NULL;
VBC700_BW_WW;WPR_Raumtemperatur_HK_M3_Vitotrol~0x0118;0x0118;Div10;R;2;;ecnUnit.Grad C;NULL;Float;NULL;NULL;NULL;NULL;
VBC700_BW_WW;WPR_Vorlauftemperatur_NatCoolingKreis~0x0119;0x0119;Div10;R;2;;ecnUnit.Grad C;NULL;Float;NULL;NULL;NULL;NULL;
VBC700_BW_WW;WPR_Vorlauftemperatur_NatCoolingHKxx~0x011A;0x011A;Div10;R;2;;ecnUnit.Grad C;NULL;Float;NULL;NULL;NULL;NULL;
VBC700_BW_WW;WPR_Raumtemperatur_NatCooling~0x011B;0x011B;Div10;R;2;;ecnUnit.Grad C;NULL;Float;NULL;NULL;NULL;NULL;
VBC700_BW_WW;WPR_Raumsolltemperatur_HK_A1_Vitocom100~0x011C;0x011C;Div10;R;2;;ecnUnit.Grad C;NULL;Float;NULL;NULL;NULL;NULL;
VBC700_BW_WW;WPR_Raumsolltemperatur_HK_M2_Vitocom100~0x011D;0x011D;Div10;R;2;;ecnUnit.Grad C;NULL;Float;NULL;NULL;NULL;NULL;
VBC700_BW_WW;WPR_Raumsolltemperatur_HK_M3_Vitocom100~0x011E;0x011E;Div10;R;2;;ecnUnit.Grad C;NULL;Float;NULL;NULL;NULL;NULL;
VBC700_BW_WW;WPR_Sauggastemperatur_EEV1~0x011F;0x011F;Div10;R;2;;ecnUnit.Grad C;NULL;Float;NULL;NULL;NULL;NULL;
VBC700_BW_WW;WPR_Sauggastemperatur_EEV2~0x0120;0x0120;Div10;R;2;;ecnUnit.Grad C;NULL;Float;NULL;NULL;NULL;NULL;
VBC700_BW_WW;WPR_Heissgastemperatur_EEV1~0x0121;0x0121;Div10;R;2;;ecnUnit.Grad C;NULL;Float;NULL;NULL;NULL;NULL;
VBC700_BW_WW;WPR_Heissgastemperatur_EEV2~0x0122;0x0122;Div10;R;2;;ecnUnit.Grad C;NULL;Float;NULL;NULL;NULL;NULL;
VBC700_BW_WW;WPR_Fluessiggastemperatur_EEV1~0x0123;0x0123;Div10;R;2;;ecnUnit.Grad C;NULL;Float;NULL;NULL;NULL;NULL;
VBC700_BW_WW;WPR_Fluessiggastemperatur_EEV2~0x0124;0x0124;Div10;R;2;;ecnUnit.Grad C;NULL;Float;NULL;NULL;NULL;NULL;
VBC700_BW_WW;WPR_SensorStatus_ATS~0x0181;0x0181;NoConversion;R;1;;;NULL;VarChar;NULL;NULL;NULL;0,1,2,3,4,5,6,7,8,9;SENSOR OK,SENSOR SCHLUSS,SENSOR BRUCH,SENSOR REFERENZFEHLER,SENSOR REFERENZUNTERMIN,SENSOR REFERENZUEBERMAX,SENSOR NICHT VORHANDEN,SENSOR CHECK,SENSOR FEHLER,SENSOR KOM FEHLER
VBC700_BW_WW;WPR_SensorStatus_Verdampfer~0x0182;0x0182;NoConversion;R;1;;;NULL;VarChar;NULL;NULL;NULL;0,1,2,3,4,5,6,7,8,9;SENSOR OK,SENSOR SCHLUSS,SENSOR BRUCH,SENSOR REFERENZFEHLER,SENSOR REFERENZUNTERMIN,SENSOR REFERENZUEBERMAX,SENSOR NICHT VORHANDEN,SENSOR CHECK,SENSOR FEHLER,SENSOR KOM FEHLER
VBC700_BW_WW;WPR_SensorStatus_Vorlauf_Primaer~0x0183;0x0183;NoConversion;R;1;;;NULL;VarChar;NULL;NULL;NULL;0,1,2,3,4,5,6,7,8,9;SENSOR OK,SENSOR SCHLUSS,SENSOR BRUCH,SENSOR REFERENZFEHLER,SENSOR REFERENZUNTERMIN,SENSOR REFERENZUEBERMAX,SENSOR NICHT VORHANDEN,SENSOR CHECK,SENSOR FEHLER,SENSOR KOM FEHLER
VBC700_BW_WW;WPR_SensorStatus_Ruecklauf_Primaer~0x0184;0x0184;NoConversion;R;1;;;NULL;VarChar;NULL;NULL;NULL;0,1,2,3,4,5,6,7,8,9;SENSOR OK,SENSOR SCHLUSS,SENSOR BRUCH,SENSOR REFERENZFEHLER,SENSOR REFERENZUNTERMIN,SENSOR REFERENZUEBERMAX,SENSOR NICHT VORHANDEN,SENSOR CHECK,SENSOR FEHLER,SENSOR KOM FEHLER
VBC700_BW_WW;WPR_SensorStatus_Vorlauftemperatur_Sek~0x0185;0x0185;NoConversion;R;1;;;NULL;VarChar;NULL;NULL;NULL;0,1,2,3,4,5,6,7,8,9;SENSOR OK,SENSOR SCHLUSS,SENSOR BRUCH,SENSOR REFERENZFEHLER,SENSOR REFERENZUNTERMIN,SENSOR REFERENZUEBERMAX,SENSOR NICHT VORHANDEN,SENSOR CHECK,SENSOR FEHLER,SENSOR KOM FEHLER
VBC700_BW_WW;WPR_SensorStatus_Ruecklauftemperatur1_Sek~0x0186;0x0186;NoConversion;R;1;;;NULL;VarChar;NULL;NULL;NULL;0,1,2,3,4,5,6,7,8,9;SENSOR OK,SENSOR SCHLUSS,SENSOR BRUCH,SENSOR REFERENZFEHLER,SENSOR REFERENZUNTERMIN,SENSOR REFERENZUEBERMAX,SENSOR NICHT VORHANDEN,SENSOR CHECK,SENSOR FEHLER,SENSOR KOM FEHLER
VBC700_BW_WW;WPR_SensorStatus_Ruecklauftemperatur2_Sek~0x0187;0x0187;NoConversion;R;1;;;NULL;VarChar;NULL;NULL;NULL;0,1,2,3,4,5,6,7,8,9;SENSOR OK,SENSOR SCHLUSS,SENSOR BRUCH,SENSOR REFERENZFEHLER,SENSOR REFERENZUNTERMIN,SENSOR REFERENZUEBERMAX,SENSOR NICHT VORHANDEN,SENSOR CHECK,SENSOR FEHLER,SENSOR KOM FEHLER
VBC700_BW_WW;WPR_SensorStatus_Heissgastemperatur1~0x0188;0x0188;NoConversion;R;1;;;NULL;VarChar;NULL;NULL;NULL;0,1,2,3,4,5,6,7,8,9;SENSOR OK,SENSOR SCHLUSS,SENSOR BRUCH,SENSOR REFERENZFEHLER,SENSOR REFERENZUNTERMIN,SENSOR REFERENZUEBERMAX,SENSOR NICHT VORHANDEN,SENSOR CHECK,SENSOR FEHLER,SENSOR KOM FEHLER
VBC700_BW_WW;WPR_SensorStatus_Heissgastemperatur2~0x0189;0x0189;NoConversion;R;1;;;NULL;VarChar;NULL;NULL;NULL;0,1,2,3,4,5,6,7,8,9;SENSOR OK,SENSOR SCHLUSS,SENSOR BRUCH,SENSOR REFERENZFEHLER,SENSOR REFERENZUNTERMIN,SENSOR REFERENZUEBERMAX,SENSOR NICHT VORHANDEN,SENSOR CHECK,SENSOR FEHLER,SENSOR KOM FEHLER
VBC700_BW_WW;WPR_SensorStatus_Anlagenvorlauftemperatur~0x018A;0x018A;NoConversion;R;1;;;NULL;VarChar;NULL;NULL;NULL;0,1,2,3,4,5,6,7,8,9;SENSOR OK,SENSOR SCHLUSS,SENSOR BRUCH,SENSOR REFERENZFEHLER,SENSOR REFERENZUNTERMIN,SENSOR REFERENZUEBERMAX,SENSOR NICHT VORHANDEN,SENSOR CHECK,SENSOR FEHLER,SENSOR KOM FEHLER
VBC700_BW_WW;WPR_SensorStatus_HeizwasserPufferspeichertemperatur~0x018B;0x018B;NoConversion;R;1;;;NULL;VarChar;NULL;NULL;NULL;0,1,2,3,4,5,6,7,8,9;SENSOR OK,SENSOR SCHLUSS,SENSOR BRUCH,SENSOR REFERENZFEHLER,SENSOR REFERENZUNTERMIN,SENSOR REFERENZUEBERMAX,SENSOR NICHT VORHANDEN,SENSOR CHECK,SENSOR FEHLER,SENSOR KOM FEHLER
VBC700_BW_WW;WPR_SensorStatus_Mediumtemperatur_extWaermeerzeuger~0x018C;0x018C;NoConversion;R;1;;;NULL;VarChar;NULL;NULL;NULL;0,1,2,3,4,5,6,7,8,9;SENSOR OK,SENSOR SCHLUSS,SENSOR BRUCH,SENSOR REFERENZFEHLER,SENSOR REFERENZUNTERMIN,SENSOR REFERENZUEBERMAX,SENSOR NICHT VORHANDEN,SENSOR CHECK,SENSOR FEHLER,SENSOR KOM FEHLER
VBC700_BW_WW;WPR_SensorStatus_WW_TemperaturOben~0x018D;0x018D;NoConversion;R;1;;;NULL;VarChar;NULL;NULL;NULL;0,1,2,3,4,5,6,7,8,9;SENSOR OK,SENSOR SCHLUSS,SENSOR BRUCH,SENSOR REFERENZFEHLER,SENSOR REFERENZUNTERMIN,SENSOR REFERENZUEBERMAX,SENSOR NICHT VORHANDEN,SENSOR CHECK,SENSOR FEHLER,SENSOR KOM FEHLER
VBC700_BW_WW;WPR_SensorStatus_WW_TemperaturUnten~0x018E;0x018E;NoConversion;R;1;;;NULL;VarChar;NULL;NULL;NULL;0,1,2,3,4,5,6,7,8,9;SENSOR OK,SENSOR SCHLUSS,SENSOR BRUCH,SENSOR REFERENZFEHLER,SENSOR REFERENZUNTERMIN,SENSOR REFERENZUEBERMAX,SENSOR NICHT VORHANDEN,SENSOR CHECK,SENSOR FEHLER,SENSOR KOM FEHLER
VBC700_BW_WW;WPR_SensorStatus_WW_TemperaturMitte~0x018F;0x018F;NoConversion;R;1;;;NULL;VarChar;NULL;NULL;NULL;0,1,2,3,4,5,6,7,8,9;SENSOR OK,SENSOR SCHLUSS,SENSOR BRUCH,SENSOR REFERENZFEHLER,SENSOR REFERENZUNTERMIN,SENSOR REFERENZUEBERMAX,SENSOR NICHT VORHANDEN,SENSOR CHECK,SENSOR FEHLER,SENSOR KOM FEHLER
VBC700_BW_WW;WPR_SensorStatus_WW_TemperaturAusgang~0x0190;0x0190;NoConversion;R;1;;;NULL;VarChar;NULL;NULL;NULL;0,1,2,3,4,5,6,7,8,9;SENSOR OK,SENSOR SCHLUSS,SENSOR BRUCH,SENSOR REFERENZFEHLER,SENSOR REFERENZUNTERMIN,SENSOR REFERENZUEBERMAX,SENSOR NICHT VORHANDEN,SENSOR CHECK,SENSOR FEHLER,SENSOR KOM FEHLER
VBC700_BW_WW;WPR_SensorStatus_Kollektortemperatur_Solar~0x0191;0x0191;NoConversion;R;1;;;NULL;VarChar;NULL;NULL;NULL;0,1,2,3,4,5,6,7,8,9;SENSOR OK,SENSOR SCHLUSS,SENSOR BRUCH,SENSOR REFERENZFEHLER,SENSOR REFERENZUNTERMIN,SENSOR REFERENZUEBERMAX,SENSOR NICHT VORHANDEN,SENSOR CHECK,SENSOR FEHLER,SENSOR KOM FEHLER
VBC700_BW_WW;WPR_SensorStatus_Ruecklauftemperatur_Solar~0x0192;0x0192;NoConversion;R;1;;;NULL;VarChar;NULL;NULL;NULL;0,1,2,3,4,5,6,7,8,9;SENSOR OK,SENSOR SCHLUSS,SENSOR BRUCH,SENSOR REFERENZFEHLER,SENSOR REFERENZUNTERMIN,SENSOR REFERENZUEBERMAX,SENSOR NICHT VORHANDEN,SENSOR CHECK,SENSOR FEHLER,SENSOR KOM FEHLER
VBC700_BW_WW;WPR_SensorStatus_Speichertemperatur_SolarmodulVitosolic~0x0193;0x0193;NoConversion;R;1;;;NULL;VarChar;NULL;NULL;NULL;0,1,2,3,4,5,6,7,8,9;SENSOR OK,SENSOR SCHLUSS,SENSOR BRUCH,SENSOR REFERENZFEHLER,SENSOR REFERENZUNTERMIN,SENSOR REFERENZUEBERMAX,SENSOR NICHT VORHANDEN,SENSOR CHECK,SENSOR FEHLER,SENSOR KOM FEHLER
VBC700_BW_WW;WPR_SensorStatus_Vorlauftemperatur_HK_M2~0x0194;0x0194;NoConversion;R;1;;;NULL;VarChar;NULL;NULL;NULL;0,1,2,3,4,5,6,7,8,9;SENSOR OK,SENSOR SCHLUSS,SENSOR BRUCH,SENSOR REFERENZFEHLER,SENSOR REFERENZUNTERMIN,SENSOR REFERENZUEBERMAX,SENSOR NICHT VORHANDEN,SENSOR CHECK,SENSOR FEHLER,SENSOR KOM FEHLER
VBC700_BW_WW;WPR_SensorStatus_Vorlauftemperatur_HK_M3~0x0195;0x0195;NoConversion;R;1;;;NULL;VarChar;NULL;NULL;NULL;0,1,2,3,4,5,6,7,8,9;SENSOR OK,SENSOR SCHLUSS,SENSOR BRUCH,SENSOR REFERENZFEHLER,SENSOR REFERENZUNTERMIN,SENSOR REFERENZUEBERMAX,SENSOR NICHT VORHANDEN,SENSOR CHECK,SENSOR FEHLER,SENSOR KOM FEHLER
VBC700_BW_WW;WPR_SensorStatus_Raumtemperatur_HK_A1_Vitotrol~0x0196;0x0196;NoConversion;R;1;;;NULL;VarChar;NULL;NULL;NULL;0,1,2,3,4,5,6,7,8,9;SENSOR OK,SENSOR SCHLUSS,SENSOR BRUCH,SENSOR REFERENZFEHLER,SENSOR REFERENZUNTERMIN,SENSOR REFERENZUEBERMAX,SENSOR NICHT VORHANDEN,SENSOR CHECK,SENSOR FEHLER,SENSOR KOM FEHLER
VBC700_BW_WW;WPR_SensorStatus_Raumtemperatur_HK_M2_Vitotrol~0x0197;0x0197;NoConversion;R;1;;;NULL;VarChar;NULL;NULL;NULL;0,1,2,3,4,5,6,7,8,9;SENSOR OK,SENSOR SCHLUSS,SENSOR BRUCH,SENSOR REFERENZFEHLER,SENSOR REFERENZUNTERMIN,SENSOR REFERENZUEBERMAX,SENSOR NICHT VORHANDEN,SENSOR CHECK,SENSOR FEHLER,SENSOR KOM FEHLER
VBC700_BW_WW;WPR_SensorStatus_Raumtemperatur_HK_M3_Vitotrol~0x0198;0x0198;NoConversion;R;1;;;NULL;VarChar;NULL;NULL;NULL;0,1,2,3,4,5,6,7,8,9;SENSOR OK,SENSOR SCHLUSS,SENSOR BRUCH,SENSOR REFERENZFEHLER,SENSOR REFERENZUNTERMIN,SENSOR REFERENZUEBERMAX,SENSOR NICHT VORHANDEN,SENSOR CHECK,SENSOR FEHLER,SENSOR KOM FEHLER
VBC700_BW_WW;WPR_SensorStatus_Vorlauftemperatur_NatCoolingKreis~0x0199;0x0199;NoConversion;R;1;;;NULL;VarChar;NULL;NULL;NULL;0,1,2,3,4,5,6,7,8,9;SENSOR OK,SENSOR SCHLUSS,SENSOR BRUCH,SENSOR REFERENZFEHLER,SENSOR REFERENZUNTERMIN,SENSOR REFERENZUEBERMAX,SENSOR NICHT VORHANDEN,SENSOR CHECK,SENSOR FEHLER,SENSOR KOM FEHLER
VBC700_BW_WW;WPR_SensorStatus_Vorlauftemperatur_NatCoolingHKxx~0x019A;0x019A;NoConversion;R;1;;;NULL;VarChar;NULL;NULL;NULL;0,1,2,3,4,5,6,7,8,9;SENSOR OK,SENSOR SCHLUSS,SENSOR BRUCH,SENSOR REFERENZFEHLER,SENSOR REFERENZUNTERMIN,SENSOR REFERENZUEBERMAX,SENSOR NICHT VORHANDEN,SENSOR CHECK,SENSOR FEHLER,SENSOR KOM FEHLER
VBC700_BW_WW;WPR_SensorStatus_Raumtemperatur_NatCooling~0x019B;0x019B;NoConversion;R;1;;;NULL;VarChar;NULL;NULL;NULL;0,1,2,3,4,5,6,7,8,9;SENSOR OK,SENSOR SCHLUSS,SENSOR BRUCH,SENSOR REFERENZFEHLER,SENSOR REFERENZUNTERMIN,SENSOR REFERENZUEBERMAX,SENSOR NICHT VORHANDEN,SENSOR CHECK,SENSOR FEHLER,SENSOR KOM FEHLER
VBC700_BW_WW;WPR_SensorStatus_Raumsolltemperatur_HK_A1_Vitocom100~0x019C;0x019C;NoConversion;R;1;;;NULL;VarChar;NULL;NULL;NULL;0,1,2,3,4,5,6,7,8,9;SENSOR OK,SENSOR SCHLUSS,SENSOR BRUCH,SENSOR REFERENZFEHLER,SENSOR REFERENZUNTERMIN,SENSOR REFERENZUEBERMAX,SENSOR NICHT VORHANDEN,SENSOR CHECK,SENSOR FEHLER,SENSOR KOM FEHLER
VBC700_BW_WW;WPR_SensorStatus_Raumsolltemperatur_HK_M2_Vitocom100~0x019D;0x019D;NoConversion;R;1;;;NULL;VarChar;NULL;NULL;NULL;0,1,2,3,4,5,6,7,8,9;SENSOR OK,SENSOR SCHLUSS,SENSOR BRUCH,SENSOR REFERENZFEHLER,SENSOR REFERENZUNTERMIN,SENSOR REFERENZUEBERMAX,SENSOR NICHT VORHANDEN,SENSOR CHECK,SENSOR FEHLER,SENSOR KOM FEHLER
VBC700_BW_WW;WPR_SensorStatus_Raumsolltemperatur_HK_M3_Vitocom100~0x019E;0x019E;NoConversion;R;1;;;NULL;VarChar;NULL;NULL;NULL;0,1,2,3,4,5,6,7,8,9;SENSOR OK,SENSOR SCHLUSS,SENSOR BRUCH,SENSOR REFERENZFEHLER,SENSOR REFERENZUNTERMIN,SENSOR REFERENZUEBERMAX,SENSOR NICHT VORHANDEN,SENSOR CHECK,SENSOR FEHLER,SENSOR KOM FEHLER
VBC700_BW_WW;WPR_SensorStatus_Sauggastemperatur_EEV1~0x019F;0x019F;NoConversion;R;1;;;NULL;VarChar;NULL;NULL;NULL;0,1,2,3,4,5,6,7,8,9;SENSOR OK,SENSOR SCHLUSS,SENSOR BRUCH,SENSOR REFERENZFEHLER,SENSOR REFERENZUNTERMIN,SENSOR REFERENZUEBERMAX,SENSOR NICHT VORHANDEN,SENSOR CHECK,SENSOR FEHLER,SENSOR KOM FEHLER
VBC700_BW_WW;WPR_SensorStatus_Sauggastemperatur_EEV2~0x01A0;0x01A0;NoConversion;R;1;;;NULL;VarChar;NULL;NULL;NULL;0,1,2,3,4,5,6,7,8,9;SENSOR OK,SENSOR SCHLUSS,SENSOR BRUCH,SENSOR REFERENZFEHLER,SENSOR REFERENZUNTERMIN,SENSOR REFERENZUEBERMAX,SENSOR NICHT VORHANDEN,SENSOR CHECK,SENSOR FEHLER,SENSOR KOM FEHLER
VBC700_BW_WW;WPR_SensorStatus_Heissgastemperatur_EEV1~0x01A1;0x01A1;NoConversion;R;1;;;NULL;VarChar;NULL;NULL;NULL;0,1,2,3,4,5,6,7,8,9;SENSOR OK,SENSOR SCHLUSS,SENSOR BRUCH,SENSOR REFERENZFEHLER,SENSOR REFERENZUNTERMIN,SENSOR REFERENZUEBERMAX,SENSOR NICHT VORHANDEN,SENSOR CHECK,SENSOR FEHLER,SENSOR KOM FEHLER
VBC700_BW_WW;WPR_SensorStatus_Heissgastemperatur_EEV2~0x01A2;0x01A2;NoConversion;R;1;;;NULL;VarChar;NULL;NULL;NULL;0,1,2,3,4,5,6,7,8,9;SENSOR OK,SENSOR SCHLUSS,SENSOR BRUCH,SENSOR REFERENZFEHLER,SENSOR REFERENZUNTERMIN,SENSOR REFERENZUEBERMAX,SENSOR NICHT VORHANDEN,SENSOR CHECK,SENSOR FEHLER,SENSOR KOM FEHLER
VBC700_BW_WW;WPR_SensorStatus_Fluessiggastemperatur_EEV1~0x01A3;0x01A3;NoConversion;R;1;;;NULL;VarChar;NULL;NULL;NULL;0,1,2,3,4,5,6,7,8,9;SENSOR OK,SENSOR SCHLUSS,SENSOR BRUCH,SENSOR REFERENZFEHLER,SENSOR REFERENZUNTERMIN,SENSOR REFERENZUEBERMAX,SENSOR NICHT VORHANDEN,SENSOR CHECK,SENSOR FEHLER,SENSOR KOM FEHLER
VBC700_BW_WW;WPR_SensorStatus_Fluessiggastemperatur_EEV2~0x01A4;0x01A4;NoConversion;R;1;;;NULL;VarChar;NULL;NULL;NULL;0,1,2,3,4,5,6,7,8,9;SENSOR OK,SENSOR SCHLUSS,SENSOR BRUCH,SENSOR REFERENZFEHLER,SENSOR REFERENZUNTERMIN,SENSOR REFERENZUEBERMAX,SENSOR NICHT VORHANDEN,SENSOR CHECK,SENSOR FEHLER,SENSOR KOM FEHLER
VBC700_BW_WW;WPR_Korrekturwert_Aussentemperatur~0x0201;0x0201;Div10;R;1;;ecnUnit.Grad C;NULL;Float;NULL;NULL;NULL;NULL;
VBC700_BW_WW;WPR_Korrekturwert_Verdampfertemperatur~0x0202;0x0202;Div10;R;1;;ecnUnit.Grad C;NULL;Float;NULL;NULL;NULL;NULL;
VBC700_BW_WW;WPR_Korrekturwert_Vorlauftemperatur_Prim~0x0203;0x0203;Div10;R;1;;ecnUnit.Grad C;NULL;Float;NULL;NULL;NULL;NULL;
VBC700_BW_WW;WPR_Korrekturwert_Ruecklauftemp_Prim~0x0204;0x0204;Div10;R;1;;ecnUnit.Grad C;NULL;Float;NULL;NULL;NULL;NULL;
VBC700_BW_WW;WPR_Korrekturwert_Vorlauftemperatur_Sek~0x0205;0x0205;Div10;R;1;;ecnUnit.Grad C;NULL;Float;NULL;NULL;NULL;NULL;
VBC700_BW_WW;WPR_Korrekturwert_Ruecklauftemperatur_Sek1~0x0206;0x0206;Div10;R;1;;ecnUnit.Grad C;NULL;Float;NULL;NULL;NULL;NULL;
VBC700_BW_WW;WPR_Korrekturwert_Ruecklauftemperatur_Sek2~0x0207;0x0207;Div10;R;1;;ecnUnit.Grad C;NULL;Float;NULL;NULL;NULL;NULL;
VBC700_BW_WW;WPR_Korrekturwert_Heissgastemperatur1~0x0208;0x0208;Div10;R;1;;ecnUnit.Grad C;NULL;Float;NULL;NULL;NULL;NULL;
VBC700_BW_WW;WPR_Korrekturwert_Heissgastemperatur2~0x0209;0x0209;Div10;R;1;;ecnUnit.Grad C;NULL;Float;NULL;NULL;NULL;NULL;
VBC700_BW_WW;WPR_Korrekturwert_Anlagenvorlauftemperatur~0x020A;0x020A;Div10;R;1;;ecnUnit.Grad C;NULL;Float;NULL;NULL;NULL;NULL;
VBC700_BW_WW;WPR_Korrekturwert_HeizwasserPufferspeichertemperatur~0x020B;0x020B;Div10;R;1;;ecnUnit.Grad C;NULL;Float;NULL;NULL;NULL;NULL;
VBC700_BW_WW;WPR_Korrekturwert_Mediumtemperatur_extWaermeerzeuger~0x020C;0x020C;Div10;R;1;;ecnUnit.Grad C;NULL;Float;NULL;NULL;NULL;NULL;
VBC700_BW_WW;WPR_Korrekturwert_WW_TemperaturOben~0x020D;0x020D;Div10;R;1;;ecnUnit.Grad C;NULL;Float;NULL;NULL;NULL;NULL;
VBC700_BW_WW;WPR_Korrekturwert_WW_TemperaturUnten~0x020E;0x020E;Div10;R;1;;ecnUnit.Grad C;NULL;Float;NULL;NULL;NULL;NULL;
VBC700_BW_WW;WPR_Korrekturwert_WW_TemperaturMitte~0x020F;0x020F;Div10;R;1;;ecnUnit.Grad C;NULL;Float;NULL;NULL;NULL;NULL;
VBC700_BW_WW;WPR_Korrekturwert_WW_TemperaturAusgang~0x0210;0x0210;Div10;R;1;;ecnUnit.Grad C;NULL;Float;NULL;NULL;NULL;NULL;
VBC700_BW_WW;WPR_Korrekturwert_Kollektortemperatur_Solar~0x0211;0x0211;Div10;R;1;;ecnUnit.Grad C;NULL;Float;NULL;NULL;NULL;NULL;
VBC700_BW_WW;WPR_Korrekturwert_Speichertemperatur_SolarmodulVitosolic~0x0213;0x0213;Div10;R;1;;ecnUnit.Grad C;NULL;Float;NULL;NULL;NULL;NULL;
VBC700_BW_WW;WPR_Korrekturwert_Vorlauftemperatur_HK_M2~0x0214;0x0214;Div10;R;1;;ecnUnit.Grad C;NULL;Float;NULL;NULL;NULL;NULL;
VBC700_BW_WW;WPR_Korrekturwert_Vorlauftemperatur_HK_M3~0x0215;0x0215;Div10;R;1;;ecnUnit.Grad C;NULL;Float;NULL;NULL;NULL;NULL;
VBC700_BW_WW;WPR_Korrekturwert_Raumtemperatur_HK_A1_Vitotrol~0x0216;0x0216;Div10;R;1;;ecnUnit.Grad C;NULL;Float;NULL;NULL;NULL;NULL;
VBC700_BW_WW;WPR_Korrekturwert_Raumtemperatur_HK_M2_Vitotrol~0x0217;0x0217;Div10;R;1;;ecnUnit.Grad C;NULL;Float;NULL;NULL;NULL;NULL;
VBC700_BW_WW;WPR_Korrekturwert_Raumtemperatur_HK_M3_Vitotrol~0x0218;0x0218;Div10;R;1;;ecnUnit.Grad C;NULL;Float;NULL;NULL;NULL;NULL;
VBC700_BW_WW;WPR_Korrekturwert_Vorlauftemperatur_NatCoolingKreis~0x0219;0x0219;Div10;R;1;;ecnUnit.Grad C;NULL;Float;NULL;NULL;NULL;NULL;
VBC700_BW_WW;WPR_Korrekturwert_Vorlauftemperatur_NatCoolingHKxx~0x021A;0x021A;Div10;R;1;;ecnUnit.Grad C;NULL;Float;NULL;NULL;NULL;NULL;
VBC700_BW_WW;WPR_Korrekturwert_Raumtemperatur_NatCooling~0x021B;0x021B;Div10;R;1;;ecnUnit.Grad C;NULL;Float;NULL;NULL;NULL;NULL;
VBC700_BW_WW;WPR_Korrekturwert_Raumsolltemperatur_HK_A1_Vitocom100~0x021C;0x021C;Div10;R;1;;ecnUnit.Grad C;NULL;Float;NULL;NULL;NULL;NULL;
VBC700_BW_WW;WPR_Korrekturwert_Raumsolltemperatur_HK_M2_Vitocom100~0x021D;0x021D;Div10;R;1;;ecnUnit.Grad C;NULL;Float;NULL;NULL;NULL;NULL;
VBC700_BW_WW;WPR_Korrekturwert_Raumsolltemperatur_HK_M3_Vitocom100~0x021E;0x021E;Div10;R;1;;ecnUnit.Grad C;NULL;Float;NULL;NULL;NULL;NULL;
VBC700_BW_WW;WPR_Korrekturwert_Sauggastemperatur_EEV1~0x021F;0x021F;Div10;R;1;;ecnUnit.Grad C;NULL;Float;NULL;NULL;NULL;NULL;
VBC700_BW_WW;WPR_Korrekturwert_Sauggastemperatur_EEV2~0x0220;0x0220;Div10;R;1;;ecnUnit.Grad C;NULL;Float;NULL;NULL;NULL;NULL;
VBC700_BW_WW;WPR_Korrekturwert_Heissgastemperatur_EEV1~0x0221;0x0221;Div10;R;1;;ecnUnit.Grad C;NULL;Float;NULL;NULL;NULL;NULL;
VBC700_BW_WW;WPR_Korrekturwert_Heissgastemperatur_EEV2~0x0222;0x0222;Div10;R;1;;ecnUnit.Grad C;NULL;Float;NULL;NULL;NULL;NULL;
VBC700_BW_WW;WPR_Korrekturwert_Fluessiggastemperatur_EEV1~0x0223;0x0223;Div10;R;1;;ecnUnit.Grad C;NULL;Float;NULL;NULL;NULL;NULL;
VBC700_BW_WW;WPR_Korrekturwert_Fluessiggastemperatur_EEV2~0x0224;0x0224;Div10;R;1;;ecnUnit.Grad C;NULL;Float;NULL;NULL;NULL;NULL;
VBC700_BW_WW;WPR_Korrekturwert_EVI_Sauggastemperatur_EEV1~0x0225;0x0225;Div10;R;1;;ecnUnit.Grad C;NULL;Float;NULL;NULL;NULL;NULL;
VBC700_BW_WW;WPR_Korrekturwert_EVI_Sauggastemperatur_EEV2~0x0226;0x0226;Div10;R;1;;ecnUnit.Grad C;NULL;Float;NULL;NULL;NULL;NULL;
VBC700_BW_WW;WPR_Gradient_Aussentemperatur~0x0281;0x0281;NoConversion;R;2;;;NULL;Int;NULL;NULL;NULL;NULL;
VBC700_BW_WW;WPR_Gradient_Verdampfertemperatur~0x0282;0x0282;NoConversion;R;2;;;NULL;Int;NULL;NULL;NULL;NULL;
VBC700_BW_WW;WPR_Gradient_Vorlauftemperatur_Prim~0x0283;0x0283;NoConversion;R;2;;;NULL;Int;NULL;NULL;NULL;NULL;
VBC700_BW_WW;WPR_Gradient_Ruecklauftemperatur_Prim~0x0284;0x0284;NoConversion;R;2;;;NULL;Int;NULL;NULL;NULL;NULL;
VBC700_BW_WW;WPR_Gradient_Vorlauftemperatur_Sek~0x0285;0x0285;NoConversion;R;2;;;NULL;Int;NULL;NULL;NULL;NULL;
VBC700_BW_WW;WPR_Gradient_Ruecklauftemperatur1_Sek~0x0286;0x0286;NoConversion;R;2;;;NULL;Int;NULL;NULL;NULL;NULL;
VBC700_BW_WW;WPR_Gradient_Ruecklauftemperatur2_Sek~0x0287;0x0287;NoConversion;R;2;;;NULL;Int;NULL;NULL;NULL;NULL;
VBC700_BW_WW;WPR_Gradient_Heissgastemperatur1~0x0288;0x0288;NoConversion;R;2;;;NULL;Int;NULL;NULL;NULL;NULL;
VBC700_BW_WW;WPR_Gradient_Heissgastemperatur2~0x0289;0x0289;NoConversion;R;2;;;NULL;Int;NULL;NULL;NULL;NULL;
VBC700_BW_WW;WPR_Gradient_Anlagenvorlauftemperatur~0x028A;0x028A;NoConversion;R;2;;;NULL;Int;NULL;NULL;NULL;NULL;
VBC700_BW_WW;WPR_Gradient_HeizwasserPufferspeichertemperatur~0x028B;0x028B;NoConversion;R;2;;;NULL;Int;NULL;NULL;NULL;NULL;
VBC700_BW_WW;WPR_Gradient_Mediumtemperatur_extWaermeerzeuger~0x028C;0x028C;NoConversion;R;2;;;NULL;Int;NULL;NULL;NULL;NULL;
VBC700_BW_WW;WPR_Gradient_WW_TemperaturOben~0x028D;0x028D;NoConversion;R;2;;;NULL;Int;NULL;NULL;NULL;NULL;
VBC700_BW_WW;WPR_Gradient_WW_TemperaturUnten~0x028E;0x028E;NoConversion;R;2;;;NULL;Int;NULL;NULL;NULL;NULL;
VBC700_BW_WW;WPR_Gradient_WW_TemperaturMitte~0x028F;0x028F;NoConversion;R;2;;;NULL;Int;NULL;NULL;NULL;NULL;
VBC700_BW_WW;WPR_Gradient_WW_TemperaturAusgang~0x0290;0x0290;NoConversion;R;2;;;NULL;Int;NULL;NULL;NULL;NULL;
VBC700_BW_WW;WPR_Gradient_Kollektortemperatur_Solar~0x0291;0x0291;NoConversion;R;2;;;NULL;Int;NULL;NULL;NULL;NULL;
VBC700_BW_WW;WPR_Gradient_Ruecklauftemperatur_Solar~0x0292;0x0292;NoConversion;R;2;;;NULL;Int;NULL;NULL;NULL;NULL;
VBC700_BW_WW;WPR_Gradient_Speichertemperatur_SolarmodulVitosolic~0x0293;0x0293;NoConversion;R;2;;;NULL;Int;NULL;NULL;NULL;NULL;
VBC700_BW_WW;WPR_Gradient_Vorlauftemperatur_HK_M2~0x0294;0x0294;NoConversion;R;2;;;NULL;Int;NULL;NULL;NULL;NULL;
VBC700_BW_WW;WPR_Gradient_Vorlauftemperatur_HK_M3~0x0295;0x0295;NoConversion;R;2;;;NULL;Int;NULL;NULL;NULL;NULL;
VBC700_BW_WW;WPR_Gradient_Raumtemperatur_HK_A1_Vitotrol~0x0296;0x0296;NoConversion;R;2;;;NULL;Int;NULL;NULL;NULL;NULL;
VBC700_BW_WW;WPR_Gradient_Raumtemperatur_HK_M2_Vitotrol~0x0297;0x0297;NoConversion;R;2;;;NULL;Int;NULL;NULL;NULL;NULL;
VBC700_BW_WW;WPR_Gradient_Raumtemperatur_HK_M3_Vitotrol~0x0298;0x0298;NoConversion;R;2;;;NULL;Int;NULL;NULL;NULL;NULL;
VBC700_BW_WW;WPR_Gradient_Vorlauftemperatur_NatCoolingKreis~0x0299;0x0299;NoConversion;R;2;;;NULL;Int;NULL;NULL;NULL;NULL;
VBC700_BW_WW;WPR_Gradient_Vorlauftemperatur_NatCoolingHKxx~0x029A;0x029A;NoConversion;R;2;;;NULL;Int;NULL;NULL;NULL;NULL;
VBC700_BW_WW;WPR_Gradient_Raumtemperatur_NatCooling~0x029B;0x029B;NoConversion;R;2;;;NULL;Int;NULL;NULL;NULL;NULL;
VBC700_BW_WW;WPR_Gradient_Raumsolltemperatur_HK_A1_Vitocom100~0x029C;0x029C;NoConversion;R;2;;;NULL;Int;NULL;NULL;NULL;NULL;
VBC700_BW_WW;WPR_Gradient_Raumsolltemperatur_HK_M2_Vitocom100~0x029D;0x029D;NoConversion;R;2;;;NULL;Int;NULL;NULL;NULL;NULL;
VBC700_BW_WW;WPR_Gradient_Raumsolltemperatur_HK_M3_Vitocom100~0x029E;0x029E;NoConversion;R;2;;;NULL;Int;NULL;NULL;NULL;NULL;
VBC700_BW_WW;WPR_Gradient_Sauggastemperatur_EEV1~0x029F;0x029F;NoConversion;R;2;;;NULL;Int;NULL;NULL;NULL;NULL;
VBC700_BW_WW;WPR_Gradient_Sauggastemperatur_EEV2~0x02A0;0x02A0;NoConversion;R;2;;;NULL;Int;NULL;NULL;NULL;NULL;
VBC700_BW_WW;WPR_Gradient_Heissgastemperatur_EEV1~0x02A1;0x02A1;NoConversion;R;2;;;NULL;Int;NULL;NULL;NULL;NULL;
VBC700_BW_WW;WPR_Gradient_Heissgastemperatur_EEV2~0x02A2;0x02A2;NoConversion;R;2;;;NULL;Int;NULL;NULL;NULL;NULL;
VBC700_BW_WW;WPR_Gradient_Fluessiggastemperatur_EEV1~0x02A3;0x02A3;NoConversion;R;2;;;NULL;Int;NULL;NULL;NULL;NULL;
VBC700_BW_WW;WPR_Gradient_Fluessiggastemperatur_EEV2~0x02A4;0x02A4;NoConversion;R;2;;;NULL;Int;NULL;NULL;NULL;NULL;
VBC700_BW_WW;WPR_Gradient_EVI_Sauggastemperatur_EEV1~0x02A5;0x02A5;NoConversion;R;2;;;NULL;Int;NULL;NULL;NULL;NULL;
VBC700_BW_WW;WPR_Gradient_EVI_Sauggastemperatur_EEV2~0x02A6;0x02A6;NoConversion;R;2;;;NULL;Int;NULL;NULL;NULL;NULL;
VBC700_BW_WW;WPR_Schalter_ExtAnforderungSchwimmbadBAUmschaltung~0x0300;0x0300;NoConversion;R;1;;;NULL;VarChar;NULL;NULL;NULL;0,1;S_Aus,S_Ein
VBC700_BW_WW;WPR_Schalter_Stroemungssensor~0x0301;0x0301;NoConversion;R;1;;;NULL;VarChar;NULL;NULL;NULL;0,1;S_Aus,S_Ein
VBC700_BW_WW;WPR_Schalter_Phasenwaechter~0x0302;0x0302;NoConversion;R;1;;;NULL;VarChar;NULL;NULL;NULL;0,1;S_Aus,S_Ein
VBC700_BW_WW;WPR_Schalter_EVU_Sperre_eHeizstab~0x0304;0x0304;NoConversion;R;1;;;NULL;VarChar;NULL;NULL;NULL;0,1;S_Aus,S_Ein
VBC700_BW_WW;WPR_Schalter_Primaerquelle1_Soledruck~0x0305;0x0305;NoConversion;R;1;;;NULL;VarChar;NULL;NULL;NULL;0,1;S_Aus,S_Ein
VBC700_BW_WW;WPR_Schalter_Primaerquelle2_Soledruck~0x0306;0x0306;NoConversion;R;1;;;NULL;VarChar;NULL;NULL;NULL;0,1;S_Aus,S_Ein
VBC700_BW_WW;WPR_Schalter_SicherheitsHochdruck_Verdichter1~0x0307;0x0307;NoConversion;R;1;;;NULL;VarChar;NULL;NULL;NULL;0,1;S_Aus,S_Ein
VBC700_BW_WW;WPR_Schalter_SicherheitsHochdruck_Verdichter2~0x0308;0x0308;NoConversion;R;1;;;NULL;VarChar;NULL;NULL;NULL;0,1;S_Aus,S_Ein
VBC700_BW_WW;WPR_Schalter_Regelhochdruck_Verdichter1~0x0309;0x0309;NoConversion;R;1;;;NULL;VarChar;NULL;NULL;NULL;0,1;S_Aus,S_Ein
VBC700_BW_WW;WPR_Schalter_Regelhochdruck_Verdichter2~0x030A;0x030A;NoConversion;R;1;;;NULL;VarChar;NULL;NULL;NULL;0,1;S_Aus,S_Ein
VBC700_BW_WW;WPR_Schalter_Niederdruck_Verdichter1~0x030B;0x030B;NoConversion;R;1;;;NULL;VarChar;NULL;NULL;NULL;0,1;S_Aus,S_Ein
VBC700_BW_WW;WPR_Schalter_Niederdruck_Verdichter2~0x030C;0x030C;NoConversion;R;1;;;NULL;VarChar;NULL;NULL;NULL;0,1;S_Aus,S_Ein
VBC700_BW_WW;WPR_Schalter_Motor1~0x030D;0x030D;NoConversion;R;1;;;NULL;VarChar;NULL;NULL;NULL;0,1;S_Aus,S_Ein
VBC700_BW_WW;WPR_Schalter_Motor2~0x030E;0x030E;NoConversion;R;1;;;NULL;VarChar;NULL;NULL;NULL;0,1;S_Aus,S_Ein
VBC700_BW_WW;WPR_Schalter_Eheizstab1_Sicherheitstemperaturbegrenzer~0x030F;0x030F;NoConversion;R;1;;;NULL;VarChar;NULL;NULL;NULL;0,1;S_Aus,S_Ein
VBC700_BW_WW;WPR_Schalter_Eheizstab2_Sicherheitstemperaturbegrenzer~0x0310;0x0310;NoConversion;R;1;;;NULL;VarChar;NULL;NULL;NULL;0,1;S_Aus,S_Ein
VBC700_BW_WW;WPR_Schalter_Eheizstab3_Sicherheitstemperaturbegrenzer~0x0311;0x0311;NoConversion;R;1;;;NULL;VarChar;NULL;NULL;NULL;0,1;S_Aus,S_Ein
VBC700_BW_WW;WPR_Schalter_Anode~0x0312;0x0312;NoConversion;R;1;;;NULL;VarChar;NULL;NULL;NULL;0,1;S_Ein,S_Aus
VBC700_BW_WW;WPR_Schalter_Kaeltekreis~0x0313;0x0313;NoConversion;R;1;;;NULL;VarChar;NULL;NULL;NULL;0,1;S_Aus,S_Ein
VBC700_BW_WW;WPR_Schalter_eNetz_Verdichter~0x0314;0x0314;NoConversion;R;1;;;NULL;VarChar;NULL;NULL;NULL;0,1;S_Aus,S_Ein
VBC700_BW_WW;WPR_Schalter_Sicherheitskette~0x0315;0x0315;NoConversion;R;1;;;NULL;VarChar;NULL;NULL;NULL;0,1;S_Aus,S_Ein
VBC700_BW_WW;WPR_Schalter_Verdichter~0x0316;0x0316;NoConversion;R;1;;;NULL;VarChar;NULL;NULL;NULL;0,1;S_Aus,S_Ein
VBC700_BW_WW;WPR_Schalter_ExternSperren~0x0317;0x0317;NoConversion;R;1;;;NULL;VarChar;NULL;NULL;NULL;0,1;S_Aus,S_Ein
VBC700_BW_WW;WPR_Schalter_Stoermeldung_FolgeWP~0x0318;0x0318;NoConversion;R;1;;;NULL;VarChar;NULL;NULL;NULL;0,1;S_Aus,S_Ein
VBC700_BW_WW;WPR_Schalter_EEV1_DIFreigabeEEVRegelung~0x0319;0x0319;NoConversion;R;1;;;NULL;VarChar;NULL;NULL;NULL;0,1;S_Aus,S_Ein
VBC700_BW_WW;WPR_Schalter_EEV2_DIFreigabeEEVRegelung~0x031A;0x031A;NoConversion;R;1;;;NULL;VarChar;NULL;NULL;NULL;0,1;S_Aus,S_Ein
VBC700_BW_WW;WPR_Schalter_EEV1_DIHeizen_Kuehlen~0x031B;0x031B;NoConversion;R;1;;;NULL;VarChar;NULL;NULL;NULL;0,1;S_Aus,S_Ein
VBC700_BW_WW;WPR_Schalter_EEV2_DIHeizen_Kuehlen~0x031C;0x031C;NoConversion;R;1;;;NULL;VarChar;NULL;NULL;NULL;0,1;S_Aus,S_Ein
VBC700_BW_WW;WPR_Schalter_DINachladeunterdrueckungWW~0x031D;0x031D;NoConversion;R;1;;;NULL;VarChar;NULL;NULL;NULL;0,1;S_Aus,S_Ein
VBC700_BW_WW;WPR_SchalterStatus_ExtAnforderungSchwimmbadBAUmschaltung~0x0380;0x0380;NoConversion;R;1;;;NULL;VarChar;NULL;NULL;NULL;0,1,2,3,4,5,6,7,8,9;SENSOR OK,SENSOR SCHLUSS,SENSOR BRUCH,SENSOR REFERENZFEHLER,SENSOR REFERENZUNTERMIN,SENSOR REFERENZUEBERMAX,SENSOR NICHT VORHANDEN,SENSOR CHECK,SENSOR FEHLER,SENSOR KOM FEHLER
VBC700_BW_WW;WPR_SchalterStatus_Stroemungssensor~0x0381;0x0381;NoConversion;R;1;;;NULL;VarChar;NULL;NULL;NULL;0,1,2,3,4,5,6,7,8,9;SENSOR OK,SENSOR SCHLUSS,SENSOR BRUCH,SENSOR REFERENZFEHLER,SENSOR REFERENZUNTERMIN,SENSOR REFERENZUEBERMAX,SENSOR NICHT VORHANDEN,SENSOR CHECK,SENSOR FEHLER,SENSOR KOM FEHLER
VBC700_BW_WW;WPR_SchalterStatus_Phasenwaechter~0x0382;0x0382;NoConversion;R;1;;;NULL;VarChar;NULL;NULL;NULL;0,1,2,3,4,5,6,7,8,9;SENSOR OK,SENSOR SCHLUSS,SENSOR BRUCH,SENSOR REFERENZFEHLER,SENSOR REFERENZUNTERMIN,SENSOR REFERENZUEBERMAX,SENSOR NICHT VORHANDEN,SENSOR CHECK,SENSOR FEHLER,SENSOR KOM FEHLER
VBC700_BW_WW;WPR_SchalterStatus_EVU_Sperre~0x0383;0x0383;NoConversion;R;1;;;NULL;VarChar;NULL;NULL;NULL;0,1,2,3,4,5,6,7,8,9;SENSOR OK,SENSOR SCHLUSS,SENSOR BRUCH,SENSOR REFERENZFEHLER,SENSOR REFERENZUNTERMIN,SENSOR REFERENZUEBERMAX,SENSOR NICHT VORHANDEN,SENSOR CHECK,SENSOR FEHLER,SENSOR KOM FEHLER
VBC700_BW_WW;WPR_SchalterStatus_Primaerquelle1_Soledruck~0x0385;0x0385;NoConversion;R;1;;;NULL;VarChar;NULL;NULL;NULL;0,1,2,3,4,5,6,7,8,9;SENSOR OK,SENSOR SCHLUSS,SENSOR BRUCH,SENSOR REFERENZFEHLER,SENSOR REFERENZUNTERMIN,SENSOR REFERENZUEBERMAX,SENSOR NICHT VORHANDEN,SENSOR CHECK,SENSOR FEHLER,SENSOR KOM FEHLER
VBC700_BW_WW;WPR_SchalterStatus_Primaerquelle2~0x0386;0x0386;NoConversion;R;1;;;NULL;VarChar;NULL;NULL;NULL;0,1,2,3,4,5,6,7,8,9;SENSOR OK,SENSOR SCHLUSS,SENSOR BRUCH,SENSOR REFERENZFEHLER,SENSOR REFERENZUNTERMIN,SENSOR REFERENZUEBERMAX,SENSOR NICHT VORHANDEN,SENSOR CHECK,SENSOR FEHLER,SENSOR KOM FEHLER
VBC700_BW_WW;WPR_SchalterStatus_Sicherheitshochdruck_Verdichter1~0x0387;0x0387;NoConversion;R;1;;;NULL;VarChar;NULL;NULL;NULL;0,1,2,3,4,5,6,7,8,9;SENSOR OK,SENSOR SCHLUSS,SENSOR BRUCH,SENSOR REFERENZFEHLER,SENSOR REFERENZUNTERMIN,SENSOR REFERENZUEBERMAX,SENSOR NICHT VORHANDEN,SENSOR CHECK,SENSOR FEHLER,SENSOR KOM FEHLER
VBC700_BW_WW;WPR_SchalterStatus_Sicherheitshochdruck_Verdichter2~0x0388;0x0388;NoConversion;R;1;;;NULL;VarChar;NULL;NULL;NULL;0,1,2,3,4,5,6,7,8,9;SENSOR OK,SENSOR SCHLUSS,SENSOR BRUCH,SENSOR REFERENZFEHLER,SENSOR REFERENZUNTERMIN,SENSOR REFERENZUEBERMAX,SENSOR NICHT VORHANDEN,SENSOR CHECK,SENSOR FEHLER,SENSOR KOM FEHLER
VBC700_BW_WW;WPR_SchalterStatus_Regelhochdruck_Verdichter1~0x0389;0x0389;NoConversion;R;1;;;NULL;VarChar;NULL;NULL;NULL;0,1,2,3,4,5,6,7,8,9;SENSOR OK,SENSOR SCHLUSS,SENSOR BRUCH,SENSOR REFERENZFEHLER,SENSOR REFERENZUNTERMIN,SENSOR REFERENZUEBERMAX,SENSOR NICHT VORHANDEN,SENSOR CHECK,SENSOR FEHLER,SENSOR KOM FEHLER
VBC700_BW_WW;WPR_SchalterStatus_Regelhochdruck_Verdichter2~0x038A;0x038A;NoConversion;R;1;;;NULL;VarChar;NULL;NULL;NULL;0,1,2,3,4,5,6,7,8,9;SENSOR OK,SENSOR SCHLUSS,SENSOR BRUCH,SENSOR REFERENZFEHLER,SENSOR REFERENZUNTERMIN,SENSOR REFERENZUEBERMAX,SENSOR NICHT VORHANDEN,SENSOR CHECK,SENSOR FEHLER,SENSOR KOM FEHLER
VBC700_BW_WW;WPR_SchalterStatus_Niederdruck_Verdichter1~0x038B;0x038B;NoConversion;R;1;;;NULL;VarChar;NULL;NULL;NULL;0,1,2,3,4,5,6,7,8,9;SENSOR OK,SENSOR SCHLUSS,SENSOR BRUCH,SENSOR REFERENZFEHLER,SENSOR REFERENZUNTERMIN,SENSOR REFERENZUEBERMAX,SENSOR NICHT VORHANDEN,SENSOR CHECK,SENSOR FEHLER,SENSOR KOM FEHLER
VBC700_BW_WW;WPR_SchalterStatus_Niederdruck_Verdichter2~0x038C;0x038C;NoConversion;R;1;;;NULL;VarChar;NULL;NULL;NULL;0,1,2,3,4,5,6,7,8,9;SENSOR OK,SENSOR SCHLUSS,SENSOR BRUCH,SENSOR REFERENZFEHLER,SENSOR REFERENZUNTERMIN,SENSOR REFERENZUEBERMAX,SENSOR NICHT VORHANDEN,SENSOR CHECK,SENSOR FEHLER,SENSOR KOM FEHLER
VBC700_BW_WW;WPR_SchalterStatus_Motor1~0x038D;0x038D;NoConversion;R;1;;;NULL;VarChar;NULL;NULL;NULL;0,1,2,3,4,5,6,7,8,9;SENSOR OK,SENSOR SCHLUSS,SENSOR BRUCH,SENSOR REFERENZFEHLER,SENSOR REFERENZUNTERMIN,SENSOR REFERENZUEBERMAX,SENSOR NICHT VORHANDEN,SENSOR CHECK,SENSOR FEHLER,SENSOR KOM FEHLER
VBC700_BW_WW;WPR_SchalterStatus_Motor2~0x038E;0x038E;NoConversion;R;1;;;NULL;VarChar;NULL;NULL;NULL;0,1,2,3,4,5,6,7,8,9;SENSOR OK,SENSOR SCHLUSS,SENSOR BRUCH,SENSOR REFERENZFEHLER,SENSOR REFERENZUNTERMIN,SENSOR REFERENZUEBERMAX,SENSOR NICHT VORHANDEN,SENSOR CHECK,SENSOR FEHLER,SENSOR KOM FEHLER
VBC700_BW_WW;WPR_SchalterStatus_Eheizstab1_Sicherheitstemperaturbegrenzer~0x038F;0x038F;NoConversion;R;1;;;NULL;VarChar;NULL;NULL;NULL;0,1,2,3,4,5,6,7,8,9;SENSOR OK,SENSOR SCHLUSS,SENSOR BRUCH,SENSOR REFERENZFEHLER,SENSOR REFERENZUNTERMIN,SENSOR REFERENZUEBERMAX,SENSOR NICHT VORHANDEN,SENSOR CHECK,SENSOR FEHLER,SENSOR KOM FEHLER
VBC700_BW_WW;WPR_SchalterStatus_Eheizstab2_Sicherheitstemperaturbegrenzer~0x0390;0x0390;NoConversion;R;1;;;NULL;VarChar;NULL;NULL;NULL;0,1,2,3,4,5,6,7,8,9;SENSOR OK,SENSOR SCHLUSS,SENSOR BRUCH,SENSOR REFERENZFEHLER,SENSOR REFERENZUNTERMIN,SENSOR REFERENZUEBERMAX,SENSOR NICHT VORHANDEN,SENSOR CHECK,SENSOR FEHLER,SENSOR KOM FEHLER
VBC700_BW_WW;WPR_SchalterStatus_Eheizstab3_Sicherheitstemperaturbegrenzer~0x0391;0x0391;NoConversion;R;1;;;NULL;VarChar;NULL;NULL;NULL;0,1,2,3,4,5,6,7,8,9;SENSOR OK,SENSOR SCHLUSS,SENSOR BRUCH,SENSOR REFERENZFEHLER,SENSOR REFERENZUNTERMIN,SENSOR REFERENZUEBERMAX,SENSOR NICHT VORHANDEN,SENSOR CHECK,SENSOR FEHLER,SENSOR KOM FEHLER
VBC700_BW_WW;WPR_SchalterStatus_Anode~0x0392;0x0392;NoConversion;R;1;;;NULL;VarChar;NULL;NULL;NULL;0,1,2,3,4,5,6,7,8,9;SENSOR OK,SENSOR SCHLUSS,SENSOR BRUCH,SENSOR REFERENZFEHLER,SENSOR REFERENZUNTERMIN,SENSOR REFERENZUEBERMAX,SENSOR NICHT VORHANDEN,SENSOR CHECK,SENSOR FEHLER,SENSOR KOM FEHLER
VBC700_BW_WW;WPR_SchalterStatus_Kaeltekreis~0x0393;0x0393;NoConversion;R;1;;;NULL;VarChar;NULL;NULL;NULL;0,1,2,3,4,5,6,7,8,9;SENSOR OK,SENSOR SCHLUSS,SENSOR BRUCH,SENSOR REFERENZFEHLER,SENSOR REFERENZUNTERMIN,SENSOR REFERENZUEBERMAX,SENSOR NICHT VORHANDEN,SENSOR CHECK,SENSOR FEHLER,SENSOR KOM FEHLER
VBC700_BW_WW;WPR_SchalterStatus_eNetz_Verdichter~0x0394;0x0394;NoConversion;R;1;;;NULL;VarChar;NULL;NULL;NULL;0,1,2,3,4,5,6,7,8,9;SENSOR OK,SENSOR SCHLUSS,SENSOR BRUCH,SENSOR REFERENZFEHLER,SENSOR REFERENZUNTERMIN,SENSOR REFERENZUEBERMAX,SENSOR NICHT VORHANDEN,SENSOR CHECK,SENSOR FEHLER,SENSOR KOM FEHLER
VBC700_BW_WW;WPR_SchalterStatus_Sicherheitskette~0x0395;0x0395;NoConversion;R;1;;;NULL;VarChar;NULL;NULL;NULL;0,1,2,3,4,5,6,7,8,9;SENSOR OK,SENSOR SCHLUSS,SENSOR BRUCH,SENSOR REFERENZFEHLER,SENSOR REFERENZUNTERMIN,SENSOR REFERENZUEBERMAX,SENSOR NICHT VORHANDEN,SENSOR CHECK,SENSOR FEHLER,SENSOR KOM FEHLER
VBC700_BW_WW;WPR_SchalterStatus_Verdichter~0x0396;0x0396;NoConversion;R;1;;;NULL;VarChar;NULL;NULL;NULL;0,1,2,3,4,5,6,7,8,9;SENSOR OK,SENSOR SCHLUSS,SENSOR BRUCH,SENSOR REFERENZFEHLER,SENSOR REFERENZUNTERMIN,SENSOR REFERENZUEBERMAX,SENSOR NICHT VORHANDEN,SENSOR CHECK,SENSOR FEHLER,SENSOR KOM FEHLER
VBC700_BW_WW;WPR_SchalterStatus_ExternSperren~0x0397;0x0397;NoConversion;R;1;;;NULL;VarChar;NULL;NULL;NULL;0,1,2,3,4,5,6,7,8,9;SENSOR OK,SENSOR SCHLUSS,SENSOR BRUCH,SENSOR REFERENZFEHLER,SENSOR REFERENZUNTERMIN,SENSOR REFERENZUEBERMAX,SENSOR NICHT VORHANDEN,SENSOR CHECK,SENSOR FEHLER,SENSOR KOM FEHLER
VBC700_BW_WW;WPR_SchalterStatus_Stoermeldung_FolgeWP~0x0398;0x0398;NoConversion;R;1;;;NULL;VarChar;NULL;NULL;NULL;0,1,2,3,4,5,6,7,8,9;SENSOR OK,SENSOR SCHLUSS,SENSOR BRUCH,SENSOR REFERENZFEHLER,SENSOR REFERENZUNTERMIN,SENSOR REFERENZUEBERMAX,SENSOR NICHT VORHANDEN,SENSOR CHECK,SENSOR FEHLER,SENSOR KOM FEHLER
VBC700_BW_WW;WPR_SchalterStatus_EEV1_DIFreigabeEEVRegelung~0x0399;0x0399;NoConversion;R;1;;;NULL;VarChar;NULL;NULL;NULL;0,1,2,3,4,5,6,7,8,9;SENSOR OK,SENSOR SCHLUSS,SENSOR BRUCH,SENSOR REFERENZFEHLER,SENSOR REFERENZUNTERMIN,SENSOR REFERENZUEBERMAX,SENSOR NICHT VORHANDEN,SENSOR CHECK,SENSOR FEHLER,SENSOR KOM FEHLER
VBC700_BW_WW;WPR_SchalterStatus_EEV2_DIFreigabeEEVRegelung~0x039A;0x039A;NoConversion;R;1;;;NULL;VarChar;NULL;NULL;NULL;0,1,2,3,4,5,6,7,8,9;SENSOR OK,SENSOR SCHLUSS,SENSOR BRUCH,SENSOR REFERENZFEHLER,SENSOR REFERENZUNTERMIN,SENSOR REFERENZUEBERMAX,SENSOR NICHT VORHANDEN,SENSOR CHECK,SENSOR FEHLER,SENSOR KOM FEHLER
VBC700_BW_WW;WPR_SchalterStatus_EEV1_DIHeizen_Kuehlen~0x039B;0x039B;NoConversion;R;1;;;NULL;VarChar;NULL;NULL;NULL;0,1,2,3,4,5,6,7,8,9;SENSOR OK,SENSOR SCHLUSS,SENSOR BRUCH,SENSOR REFERENZFEHLER,SENSOR REFERENZUNTERMIN,SENSOR REFERENZUEBERMAX,SENSOR NICHT VORHANDEN,SENSOR CHECK,SENSOR FEHLER,SENSOR KOM FEHLER
VBC700_BW_WW;WPR_SchalterStatus_EEV2_DIHeizen_Kuehlen~0x039C;0x039C;NoConversion;R;1;;;NULL;VarChar;NULL;NULL;NULL;0,1,2,3,4,5,6,7,8,9;SENSOR OK,SENSOR SCHLUSS,SENSOR BRUCH,SENSOR REFERENZFEHLER,SENSOR REFERENZUNTERMIN,SENSOR REFERENZUEBERMAX,SENSOR NICHT VORHANDEN,SENSOR CHECK,SENSOR FEHLER,SENSOR KOM FEHLER
VBC700_BW_WW;WPR_SchalterStatus_DINachladeunterdrueckungWW~0x039D;0x039D;NoConversion;R;1;;;NULL;VarChar;NULL;NULL;NULL;0,1,2,3,4,5,6,7,8,9;SENSOR OK,SENSOR SCHLUSS,SENSOR BRUCH,SENSOR REFERENZFEHLER,SENSOR REFERENZUNTERMIN,SENSOR REFERENZUEBERMAX,SENSOR NICHT VORHANDEN,SENSOR CHECK,SENSOR FEHLER,SENSOR KOM FEHLER
VBC700_BW_WW;WPR_RelaisZustand_Verdichter1~0x0400;0x0400;NoConversion;R;1;;;NULL;VarChar;NULL;NULL;NULL;0,1;Aus,Ein
VBC700_BW_WW;WPR_RelaisZustand_Verdichter2~0x0401;0x0401;NoConversion;R;1;;;NULL;VarChar;NULL;NULL;NULL;0,1;Aus,Ein
VBC700_BW_WW;WPR_RelaisZustand_Primaerquelle1~0x0402;0x0402;NoConversion;R;1;;;NULL;VarChar;NULL;NULL;NULL;0,1;Aus,Ein
VBC700_BW_WW;WPR_RelaisZustand_Primaerquelle2~0x0403;0x0403;NoConversion;R;1;;;NULL;VarChar;NULL;NULL;NULL;0,1;Aus,Ein
VBC700_BW_WW;WPR_RelaisZustand_SekPumpe1~0x0404;0x0404;NoConversion;R;1;;;NULL;VarChar;NULL;NULL;NULL;0,1;Aus,Ein
VBC700_BW_WW;WPR_RelaisZustand_SekPumpe2~0x0405;0x0405;NoConversion;R;1;;;NULL;VarChar;NULL;NULL;NULL;0,1;Aus,Ein
VBC700_BW_WW;WPR_RelaisZustand_FLGasMagnetventil_V1~0x0406;0x0406;NoConversion;R;1;;;NULL;VarChar;NULL;NULL;NULL;0,1;Aus,Ein
VBC700_BW_WW;WPR_RelaisZustand_FLGasMagnetventil_V2~0x0407;0x0407;NoConversion;R;1;;;NULL;VarChar;NULL;NULL;NULL;0,1;Aus,Ein
VBC700_BW_WW;WPR_RelaisZustand_Speichernachheizung~0x040A;0x040A;NoConversion;R;1;;;NULL;VarChar;NULL;NULL;NULL;0,1;Aus,Ein
VBC700_BW_WW;WPR_RelaisZustand_Ansteuerung_ExtWaermeerzeuger~0x040B;0x040B;NoConversion;R;1;;;NULL;VarChar;NULL;NULL;NULL;0,1;Aus,Ein
VBC700_BW_WW;WPR_RelaisZustand_ActiveCooling~0x040C;0x040C;NoConversion;R;1;;;NULL;VarChar;NULL;NULL;NULL;0,1;Aus,Ein
VBC700_BW_WW;WPR_RelaisZustand_Heizkreispumpe_A1~0x040D;0x040D;NoConversion;R;1;;;NULL;VarChar;NULL;NULL;NULL;0,1;Aus,Ein
VBC700_BW_WW;WPR_RelaisZustand_Heizkreispumpe_M2~0x040E;0x040E;NoConversion;R;1;;;NULL;VarChar;NULL;NULL;NULL;0,1;Aus,Ein
VBC700_BW_WW;WPR_RelaisZustand_Heizkreispumpe_M3~0x040F;0x040F;NoConversion;R;1;;;NULL;VarChar;NULL;NULL;NULL;0,1;Aus,Ein
VBC700_BW_WW;WPR_RelaisZustand_Schaltausgang_Wtimer_ZP~0x0410;0x0410;NoConversion;R;1;;;NULL;VarChar;NULL;NULL;NULL;0,1;Aus,Ein
VBC700_BW_WW;WPR_RelaisZustand_Sammelstoerung~0x0411;0x0411;NoConversion;R;1;;;NULL;VarChar;NULL;NULL;NULL;0,1;Aus,Ein
VBC700_BW_WW;WPR_RelaisZustand_NatCooling_Ansteuerung~0x0412;0x0412;NoConversion;R;1;;;NULL;VarChar;NULL;NULL;NULL;0,1;Aus,Ein
VBC700_BW_WW;WPR_RelaisZustand_Solarpumpe~0x0413;0x0413;NoConversion;R;1;;;NULL;VarChar;NULL;NULL;NULL;0,1;Aus,Ein
VBC700_BW_WW;WPR_RelaisZustand_3W_VentilHeizen_WW1~0x0414;0x0414;NoConversion;R;1;;;NULL;VarChar;NULL;NULL;NULL;0,1;Aus,Ein
VBC700_BW_WW;WPR_RelaisZustand_3W_VentilHeizen_WW2~0x0415;0x0415;NoConversion;R;1;;;NULL;VarChar;NULL;NULL;NULL;0,1;Aus,Ein
VBC700_BW_WW;WPR_RelaisZustand_Speicherladepumpe~0x0416;0x0416;NoConversion;R;1;;;NULL;VarChar;NULL;NULL;NULL;0,1;Aus,Ein
VBC700_BW_WW;WPR_RelaisZustand_Schwimmbad_Ventil~0x0417;0x0417;NoConversion;R;1;;;NULL;VarChar;NULL;NULL;NULL;0,1;Aus,Ein
VBC700_BW_WW;WPR_RelaisZustand_FolgeWP1_Kaskade~0x0418;0x0418;NoConversion;R;1;;;NULL;VarChar;NULL;NULL;NULL;0,1;Aus,Ein
VBC700_BW_WW;WPR_RelaisZustand_FolgeWP2_Kaskade~0x0419;0x0419;NoConversion;R;1;;;NULL;VarChar;NULL;NULL;NULL;0,1;Aus,Ein
VBC700_BW_WW;WPR_RelaisZustand_FolgeWP3_Kaskade~0x041A;0x041A;NoConversion;R;1;;;NULL;VarChar;NULL;NULL;NULL;0,1;Aus,Ein
VBC700_BW_WW;WPR_RelaisZustand_FolgeWP4_Kaskade~0x041B;0x041B;NoConversion;R;1;;;NULL;VarChar;NULL;NULL;NULL;0,1;Aus,Ein
VBC700_BW_WW;WPR_RelaisZustand_Kaeltekreis_Umkehr~0x041C;0x041C;NoConversion;R;1;;;NULL;VarChar;NULL;NULL;NULL;0,1;Aus,Ein
VBC700_BW_WW;WPR_RelaisZustand_Fernbed1_StoerLED~0x041D;0x041D;NoConversion;R;1;;;NULL;VarChar;NULL;NULL;NULL;0,1;Aus,Ein
VBC700_BW_WW;WPR_RelaisZustand_Fernbed2_StoerLED~0x041E;0x041E;NoConversion;R;1;;;NULL;VarChar;NULL;NULL;NULL;0,1;Aus,Ein
VBC700_BW_WW;WPR_RelaisZustand_Fernbed3_StoerLED~0x041F;0x041F;NoConversion;R;1;;;NULL;VarChar;NULL;NULL;NULL;0,1;Aus,Ein
VBC700_BW_WW;WPR_RelaisZustand_SolarpumpeVitosolic~0x0420;0x0420;NoConversion;R;1;;;NULL;VarChar;NULL;NULL;NULL;0,1;Aus,Ein
VBC700_BW_WW;WPR_RelaisZustand_WW_Ladung_2terSollwert~0x0421;0x0421;NoConversion;R;1;;;NULL;VarChar;NULL;NULL;NULL;0,1;Aus,Ein
VBC700_BW_WW;WPR_RelaisZustand_EEV1_FreigabeEEVRegelung~0x0422;0x0422;NoConversion;R;1;;;NULL;VarChar;NULL;NULL;NULL;0,1;Aus,Ein
VBC700_BW_WW;WPR_RelaisZustand_EEV2_FreigabeEEVRegelung~0x0423;0x0423;NoConversion;R;1;;;NULL;VarChar;NULL;NULL;NULL;0,1;Aus,Ein
VBC700_BW_WW;WPR_RelaisZustand_EEV1_FreigabeEVIRegelung~0x0424;0x0424;NoConversion;R;1;;;NULL;VarChar;NULL;NULL;NULL;0,1;Aus,Ein
VBC700_BW_WW;WPR_RelaisZustand_EEV1_HeizenKuehlen~0x0426;0x0426;NoConversion;R;1;;;NULL;VarChar;NULL;NULL;NULL;0,1;Aus,Ein
VBC700_BW_WW;WPR_RelaisZustand_EEV2_HeizenKuehlen~0x0427;0x0427;NoConversion;R;1;;;NULL;VarChar;NULL;NULL;NULL;0,1;,
VBC700_BW_WW;WPR_RelaisZustand_EEV1_Verdichter~0x0428;0x0428;NoConversion;R;1;;;NULL;VarChar;NULL;NULL;NULL;0,1;Aus,Ein
VBC700_BW_WW;WPR_RelaisZustand_EEV2_Verdichter~0x0429;0x0429;NoConversion;R;1;;;NULL;VarChar;NULL;NULL;NULL;0,1;,
VBC700_BW_WW;WPR_RelaisZustand_EEV1_DigitalScroll~0x042A;0x042A;NoConversion;R;1;;;NULL;VarChar;NULL;NULL;NULL;0,1;Aus,Ein
VBC700_BW_WW;WPR_RelaisZustand_EEV2_DigitalScroll~0x042B;0x042B;NoConversion;R;1;;;NULL;VarChar;NULL;NULL;NULL;0,1;Aus,Ein
VBC700_BW_WW;WPR_RelaisZustand_EEV1_EVIVentil~0x042C;0x042C;NoConversion;R;1;;;NULL;VarChar;NULL;NULL;NULL;0,1;Aus,Ein
VBC700_BW_WW;WPR_RelaisZustand_EEV2_EVIVentil~0x042D;0x042D;NoConversion;R;1;;;NULL;VarChar;NULL;NULL;NULL;0,1;Aus,Ein
VBC700_BW_WW;WPR_RelaisZustand_EEV1_ECVPosition~0x042E;0x042E;NoConversion;R;1;;;NULL;VarChar;NULL;NULL;NULL;0,1;Aus,Ein
VBC700_BW_WW;WPR_RelaisZustand_EEV2_ECVPosition~0x042F;0x042F;NoConversion;R;1;;;NULL;VarChar;NULL;NULL;NULL;0,1;Aus,Ein
VBC700_BW_WW;WPR_RelaisZustand_EEV2_EVIPosition~0x0431;0x0431;NoConversion;R;1;;;NULL;VarChar;NULL;NULL;NULL;0,1;Aus,Ein
VBC700_BW_WW;WPR_RelaisZustand_extWaermeerzeuger_MischerAUF~0x0438;0x0438;NoConversion;R;1;;;NULL;VarChar;NULL;NULL;NULL;0,1;Aus,Ein
VBC700_BW_WW;WPR_RelaisZustand_extWaermeerzeuger_MischerZU~0x0439;0x0439;NoConversion;R;1;;;NULL;VarChar;NULL;NULL;NULL;0,1;Aus,Ein
VBC700_BW_WW;WPR_RelaisStatus_Verdichter2~0x0481;0x0481;NoConversion;R;1;;;NULL;VarChar;NULL;NULL;NULL;0,1;,
VBC700_BW_WW;WPR_RelaisStatus_FLGasMagnetventil_V1~0x0486;0x0486;NoConversion;R;1;;;NULL;VarChar;NULL;NULL;NULL;0,1;OK,NICHT VORHANDEN
VBC700_BW_WW;WPR_RelaisStatus_FLGasMagnetventil_V2~0x0487;0x0487;NoConversion;R;1;;;NULL;VarChar;NULL;NULL;NULL;0,1;OK,NICHT VORHANDEN
VBC700_BW_WW;WPR_RelaisStatus_Sammelstoerung~0x0491;0x0491;NoConversion;R;1;;;NULL;VarChar;NULL;NULL;NULL;0,1;OK,NICHT VORHANDEN
VBC700_BW_WW;WPR_RelaisStatus_Fernbed1_StoerLED~0x049D;0x049D;NoConversion;R;1;;;NULL;VarChar;NULL;NULL;NULL;0,1;OK,NICHT VORHANDEN
VBC700_BW_WW;WPR_RelaisStatus_Fernbed2_StoerLED~0x049E;0x049E;NoConversion;R;1;;;NULL;VarChar;NULL;NULL;NULL;0,1;OK,NICHT VORHANDEN
VBC700_BW_WW;WPR_RelaisStatus_Fernbed3_StoerLED~0x049F;0x049F;NoConversion;R;1;;;NULL;VarChar;NULL;NULL;NULL;0,1;OK,NICHT VORHANDEN
VBC700_BW_WW;WPR_RelaisStatus_WW_Ladung_2terSollwert~0x04A1;0x04A1;NoConversion;R;1;;;NULL;VarChar;NULL;NULL;NULL;0,1;OK,NICHT VORHANDEN
VBC700_BW_WW;WPR_RelaisStatus_EEV1_FreigabeEEVRegelung~0x04A2;0x04A2;NoConversion;R;1;;;NULL;VarChar;NULL;NULL;NULL;0,1;OK,NICHT VORHANDEN
VBC700_BW_WW;WPR_RelaisStatus_EEV2_FreigabeEEVRegelung~0x04A3;0x04A3;NoConversion;R;1;;;NULL;VarChar;NULL;NULL;NULL;0,1;OK,NICHT VORHANDEN
VBC700_BW_WW;WPR_RelaisStatus_EEV2_FreigabeEVIRegelung~0x04A5;0x04A5;NoConversion;R;1;;;NULL;VarChar;NULL;NULL;NULL;0,1;OK,NICHT VORHANDEN
VBC700_BW_WW;WPR_RelaisStatus_EEV1_HeizenKuehlen~0x04A6;0x04A6;NoConversion;R;1;;;NULL;VarChar;NULL;NULL;NULL;0,1;OK,NICHT VORHANDEN
VBC700_BW_WW;WPR_RelaisStatus_EEV2_HeizenKuehlen~0x04A7;0x04A7;NoConversion;R;1;;;NULL;VarChar;NULL;NULL;NULL;0,1;OK,NICHT VORHANDEN
VBC700_BW_WW;WPR_RelaisStatus_EEV1_Verdichter~0x04A8;0x04A8;NoConversion;R;1;;;NULL;VarChar;NULL;NULL;NULL;0,1;OK,NICHT VORHANDEN
VBC700_BW_WW;WPR_RelaisStatus_EEV2_Verdichter~0x04A9;0x04A9;NoConversion;R;1;;;NULL;VarChar;NULL;NULL;NULL;0,1;OK,NICHT VORHANDEN
VBC700_BW_WW;WPR_RelaisStatus_EEV1_DigitalScroll~0x04AA;0x04AA;NoConversion;R;1;;;NULL;VarChar;NULL;NULL;NULL;0,1;OK,NICHT VORHANDEN
VBC700_BW_WW;WPR_RelaisStatus_EEV2_DigitalScroll~0x04AB;0x04AB;NoConversion;R;1;;;NULL;VarChar;NULL;NULL;NULL;0,1;OK,NICHT VORHANDEN
VBC700_BW_WW;WPR_RelaisStatus_EEV1_EVIVentil~0x04AC;0x04AC;NoConversion;R;1;;;NULL;VarChar;NULL;NULL;NULL;0,1;OK,NICHT VORHANDEN
VBC700_BW_WW;WPR_RelaisStatus_EEV1_ECVPosition~0x04AE;0x04AE;NoConversion;R;1;;;NULL;VarChar;NULL;NULL;NULL;0,1;OK,NICHT VORHANDEN
VBC700_BW_WW;WPR_RelaisStatus_EEV2_ECVPosition~0x04AF;0x04AF;NoConversion;R;1;;;NULL;VarChar;NULL;NULL;NULL;0,1;OK,NICHT VORHANDEN
VBC700_BW_WW;WPR_RelaisStatus_EEV2_EVIPosition~0x04B1;0x04B1;NoConversion;R;1;;;NULL;VarChar;NULL;NULL;NULL;0,1;OK,NICHT VORHANDEN
VBC700_BW_WW;WPR_RelaisStatus_M3_MischerAUF~0x04B4;0x04B4;NoConversion;R;1;;;NULL;VarChar;NULL;NULL;NULL;0,1;OK,NICHT VORHANDEN
VBC700_BW_WW;WPR_RelaisStatus_M3_MischerZU~0x04B5;0x04B5;NoConversion;R;1;;;NULL;VarChar;NULL;NULL;NULL;0,1;OK,NICHT VORHANDEN
VBC700_BW_WW;WPR_RelaisStatus_NCueberHK_MischerAUF~0x04B6;0x04B6;NoConversion;R;1;;;NULL;VarChar;NULL;NULL;NULL;0,1;OK,NICHT VORHANDEN
VBC700_BW_WW;WPR_RelaisStatus_NCueberHK_MischerZU~0x04B7;0x04B7;NoConversion;R;1;;;NULL;VarChar;NULL;NULL;NULL;0,1;OK,NICHT VORHANDEN
VBC700_BW_WW;WPR_RelaisStatus_extWaermeerzeuger_MischerZU~0x04B9;0x04B9;NoConversion;R;1;;;NULL;VarChar;NULL;NULL;NULL;0,1;OK,NICHT VORHANDEN
VBC700_BW_WW;WPR_RelaisStatus_MischerZU_Relaistest~0x04BB;0x04BB;NoConversion;R;1;;;NULL;VarChar;NULL;NULL;NULL;0,1;OK,NICHT VORHANDEN
VBC700_BW_WW;WPR_RelaisZyklen_Verdichter1~0x0500;0x0500;NoConversion;R;4;;;NULL;Int;NULL;NULL;NULL;NULL;
VBC700_BW_WW;WPR_RelaisZyklen_Verdichter2~0x0501;0x0501;NoConversion;R;4;;;NULL;Int;NULL;NULL;NULL;NULL;
VBC700_BW_WW;WPR_RelaisZyklen_Primaerquelle1~0x0502;0x0502;NoConversion;R;4;;;NULL;Int;NULL;NULL;NULL;NULL;
VBC700_BW_WW;WPR_RelaisZyklen_Primaerquelle2~0x0503;0x0503;NoConversion;R;4;;;NULL;Int;NULL;NULL;NULL;NULL;
VBC700_BW_WW;WPR_RelaisZyklen_SekPumpe1~0x0504;0x0504;NoConversion;R;4;;;NULL;Int;NULL;NULL;NULL;NULL;
VBC700_BW_WW;WPR_RelaisZyklen_SekPumpe2~0x0505;0x0505;NoConversion;R;4;;;NULL;Int;NULL;NULL;NULL;NULL;
VBC700_BW_WW;WPR_RelaisZyklen_FLGasMagnetventil_V1~0x0506;0x0506;NoConversion;R;4;;;NULL;Int;NULL;NULL;NULL;NULL;
VBC700_BW_WW;WPR_RelaisZyklen_FLGasMagnetventil_V2~0x0507;0x0507;NoConversion;R;4;;;NULL;Int;NULL;NULL;NULL;NULL;
VBC700_BW_WW;WPR_RelaisZyklen_eHeizung_Stufe1~0x0508;0x0508;NoConversion;R;4;;;NULL;Int;NULL;NULL;NULL;NULL;
VBC700_BW_WW;WPR_RelaisZyklen_eHeizung_Stufe2~0x0509;0x0509;NoConversion;R;4;;;NULL;Int;NULL;NULL;NULL;NULL;
VBC700_BW_WW;WPR_RelaisZyklen_Speichernachheizung~0x050A;0x050A;NoConversion;R;4;;;NULL;Int;NULL;NULL;NULL;NULL;
VBC700_BW_WW;WPR_RelaisZyklen_Ansteuerung_ExtWaermeerzeuger~0x050B;0x050B;NoConversion;R;4;;;NULL;Int;NULL;NULL;NULL;NULL;
VBC700_BW_WW;WPR_RelaisZyklen_ActiveCooling~0x050C;0x050C;NoConversion;R;4;;;NULL;Int;NULL;NULL;NULL;NULL;
VBC700_BW_WW;WPR_RelaisZyklen_Heizkreispumpe_A1~0x050D;0x050D;NoConversion;R;4;;;NULL;Int;NULL;NULL;NULL;NULL;
VBC700_BW_WW;WPR_RelaisZyklen_Heizkreispumpe_M2~0x050E;0x050E;NoConversion;R;4;;;NULL;Int;NULL;NULL;NULL;NULL;
VBC700_BW_WW;WPR_RelaisZyklen_Heizkreispumpe_M3~0x050F;0x050F;NoConversion;R;4;;;NULL;Int;NULL;NULL;NULL;NULL;
VBC700_BW_WW;WPR_RelaisZyklen_Schaltausgang_Wtimer_ZP~0x0510;0x0510;NoConversion;R;4;;;NULL;Int;NULL;NULL;NULL;NULL;
VBC700_BW_WW;WPR_RelaisZyklen_Sammelstoerung~0x0511;0x0511;NoConversion;R;4;;;NULL;Int;NULL;NULL;NULL;NULL;
VBC700_BW_WW;WPR_RelaisZyklen_NatCooling_Ansteuerung~0x0512;0x0512;NoConversion;R;4;;;NULL;Int;NULL;NULL;NULL;NULL;
VBC700_BW_WW;WPR_RelaisZyklen_Solarpumpe~0x0513;0x0513;NoConversion;R;4;;;NULL;Int;NULL;NULL;NULL;NULL;
VBC700_BW_WW;WPR_RelaisZyklen_3W_VentilHeizen_WW1~0x0514;0x0514;NoConversion;R;4;;;NULL;Int;NULL;NULL;NULL;NULL;
VBC700_BW_WW;WPR_RelaisZyklen_3W_VentilHeizen_WW2~0x0515;0x0515;NoConversion;R;4;;;NULL;Int;NULL;NULL;NULL;NULL;
VBC700_BW_WW;WPR_RelaisZyklen_Speicherladepumpe~0x0516;0x0516;NoConversion;R;4;;;NULL;Int;NULL;NULL;NULL;NULL;
VBC700_BW_WW;WPR_RelaisZyklen_Schwimmbad_Ventil~0x0517;0x0517;NoConversion;R;4;;;NULL;Int;NULL;NULL;NULL;NULL;
VBC700_BW_WW;WPR_RelaisZyklen_FolgeWP1_Kaskade~0x0518;0x0518;NoConversion;R;4;;;NULL;Int;NULL;NULL;NULL;NULL;
VBC700_BW_WW;WPR_RelaisZyklen_FolgeWP2_Kaskade~0x0519;0x0519;NoConversion;R;4;;;NULL;Int;NULL;NULL;NULL;NULL;
VBC700_BW_WW;WPR_RelaisZyklen_FolgeWP3_Kaskade~0x051A;0x051A;NoConversion;R;4;;;NULL;Int;NULL;NULL;NULL;NULL;
VBC700_BW_WW;WPR_RelaisZyklen_FolgeWP4_Kaskade~0x051B;0x051B;NoConversion;R;4;;;NULL;Int;NULL;NULL;NULL;NULL;
VBC700_BW_WW;WPR_RelaisZyklen_Kaeltekreis_Umkehr~0x051C;0x051C;NoConversion;R;4;;;NULL;Int;NULL;NULL;NULL;NULL;
VBC700_BW_WW;WPR_RelaisZyklen_Fernbed1_StoerLED~0x051D;0x051D;NoConversion;R;4;;;NULL;Int;NULL;NULL;NULL;NULL;
VBC700_BW_WW;WPR_RelaisZyklen_Fernbed2_StoerLED~0x051E;0x051E;NoConversion;R;4;;;NULL;Int;NULL;NULL;NULL;NULL;
VBC700_BW_WW;WPR_RelaisZyklen_Fernbed3_StoerLED~0x051F;0x051F;NoConversion;R;4;;;NULL;Int;NULL;NULL;NULL;NULL;
VBC700_BW_WW;WPR_RelaisZyklen_SolarpumpeVitosolic~0x0520;0x0520;NoConversion;R;4;;;NULL;Int;NULL;NULL;NULL;NULL;
VBC700_BW_WW;WPR_RelaisZyklen_WW_Ladung_2terSollwert~0x0521;0x0521;NoConversion;R;4;;;NULL;Int;NULL;NULL;NULL;NULL;
VBC700_BW_WW;WPR_RelaisZyklen_EEV1_FreigabeEEVRegelung~0x0522;0x0522;NoConversion;R;4;;;NULL;Int;NULL;NULL;NULL;NULL;
VBC700_BW_WW;WPR_RelaisZyklen_EEV2_FreigabeEEVRegelung~0x0523;0x0523;NoConversion;R;4;;;NULL;Int;NULL;NULL;NULL;NULL;
VBC700_BW_WW;WPR_RelaisZyklen_EEV2_FreigabeEVIRegelung~0x0525;0x0525;NoConversion;R;4;;;NULL;Int;NULL;NULL;NULL;NULL;
VBC700_BW_WW;WPR_RelaisZyklen_EEV1_HeizenKuehlen~0x0526;0x0526;NoConversion;R;4;;;NULL;Int;NULL;NULL;NULL;NULL;
VBC700_BW_WW;WPR_RelaisZyklen_EEV2_HeizenKuehlen~0x0527;0x0527;NoConversion;R;4;;;NULL;Int;NULL;NULL;NULL;NULL;
VBC700_BW_WW;WPR_RelaisZyklen_EEV1_Verdichter~0x0528;0x0528;NoConversion;R;4;;;NULL;Int;NULL;NULL;NULL;NULL;
VBC700_BW_WW;WPR_RelaisZyklen_EEV2_Verdichter~0x0529;0x0529;NoConversion;R;4;;;NULL;Int;NULL;NULL;NULL;NULL;
VBC700_BW_WW;WPR_RelaisZyklen_EEV1_DigitalScroll~0x052A;0x052A;NoConversion;R;4;;;NULL;Int;NULL;NULL;NULL;NULL;
VBC700_BW_WW;WPR_RelaisZyklen_EEV2_DigitalScroll~0x052B;0x052B;NoConversion;R;4;;;NULL;Int;NULL;NULL;NULL;NULL;
VBC700_BW_WW;WPR_RelaisZyklen_EEV2_EVIVentil~0x052D;0x052D;NoConversion;R;4;;;NULL;Int;NULL;NULL;NULL;NULL;
VBC700_BW_WW;WPR_RelaisZyklen_EEV1_ECVPosition~0x052E;0x052E;NoConversion;R;4;;;NULL;Int;NULL;NULL;NULL;NULL;
VBC700_BW_WW;WPR_RelaisZyklen_EEV2_ECVPosition~0x052F;0x052F;NoConversion;R;4;;;NULL;Int;NULL;NULL;NULL;NULL;
VBC700_BW_WW;WPR_RelaisZyklen_M2_MischerAUF~0x0532;0x0532;NoConversion;R;4;;;NULL;Int;NULL;NULL;NULL;NULL;
VBC700_BW_WW;WPR_RelaisZyklen_M2_MischerZU~0x0533;0x0533;NoConversion;R;4;;;NULL;Int;NULL;NULL;NULL;NULL;
VBC700_BW_WW;WPR_RelaisZyklen_M3_MischerAUF~0x0534;0x0534;NoConversion;R;4;;;NULL;Int;NULL;NULL;NULL;NULL;
VBC700_BW_WW;WPR_RelaisZyklen_M3_MischerZU~0x0535;0x0535;NoConversion;R;4;;;NULL;Int;NULL;NULL;NULL;NULL;
VBC700_BW_WW;WPR_RelaisZyklen_NCueberHK_MischerAUF~0x0536;0x0536;NoConversion;R;4;;;NULL;Int;NULL;NULL;NULL;NULL;
VBC700_BW_WW;WPR_RelaisZyklen_extWaermeerzeuger_MischerZU~0x0539;0x0539;NoConversion;R;4;;;NULL;Int;NULL;NULL;NULL;NULL;
VBC700_BW_WW;WPR_RelaisZyklen_MischerZU_Relaistest~0x053B;0x053B;NoConversion;R;4;;;NULL;Int;NULL;NULL;NULL;NULL;
VBC700_BW_WW;WPR_RelaisLaufzeiten_Verdichter1~0x0580;0x0580;Sec2Hour;R;4;;ecnUnit.Stunden;NULL;Float;NULL;NULL;NULL;NULL;
VBC700_BW_WW;WPR_RelaisLaufzeiten_Verdichter2~0x0581;0x0581;Sec2Hour;R;4;;ecnUnit.Stunden;NULL;Float;NULL;NULL;NULL;NULL;
VBC700_BW_WW;WPR_RelaisLaufzeiten_Primaerquelle1~0x0582;0x0582;Sec2Hour;R;4;;ecnUnit.Stunden;NULL;Float;NULL;NULL;NULL;NULL;
VBC700_BW_WW;WPR_RelaisLaufzeiten_Primaerquelle2~0x0583;0x0583;Sec2Hour;R;4;;ecnUnit.Stunden;NULL;Float;NULL;NULL;NULL;NULL;
VBC700_BW_WW;WPR_RelaisLaufzeiten_SekPumpe1~0x0584;0x0584;Sec2Hour;R;4;;ecnUnit.Stunden;NULL;Float;NULL;NULL;NULL;NULL;
VBC700_BW_WW;WPR_RelaisLaufzeiten_SekPumpe2~0x0585;0x0585;Sec2Hour;R;4;;ecnUnit.Stunden;NULL;Float;NULL;NULL;NULL;NULL;
VBC700_BW_WW;WPR_RelaisLaufzeiten_FLGasMagnetventil_V1~0x0586;0x0586;Sec2Hour;R;4;;ecnUnit.Stunden;NULL;Float;NULL;NULL;NULL;NULL;
VBC700_BW_WW;WPR_RelaisLaufzeiten_FLGasMagnetventil_V2~0x0587;0x0587;Sec2Hour;R;4;;ecnUnit.Stunden;NULL;Float;NULL;NULL;NULL;NULL;
VBC700_BW_WW;WPR_RelaisLaufzeiten_eHeizung_Stufe1~0x0588;0x0588;Sec2Hour;R;4;;ecnUnit.Stunden;NULL;Float;NULL;NULL;NULL;NULL;
VBC700_BW_WW;WPR_RelaisLaufzeiten_eHeizung_Stufe2~0x0589;0x0589;Sec2Hour;R;4;;ecnUnit.Stunden;NULL;Float;NULL;NULL;NULL;NULL;
VBC700_BW_WW;WPR_RelaisLaufzeiten_Speichernachheizung~0x058A;0x058A;Sec2Hour;R;4;;ecnUnit.Stunden;NULL;Float;NULL;NULL;NULL;NULL;
VBC700_BW_WW;WPR_RelaisLaufzeiten_Ansteuerung_ExtWaermeerzeuger~0x058B;0x058B;Sec2Hour;R;4;;ecnUnit.Stunden;NULL;Float;NULL;NULL;NULL;NULL;
VBC700_BW_WW;WPR_RelaisLaufzeiten_ActiveCooling~0x058C;0x058C;Sec2Hour;R;4;;ecnUnit.Stunden;NULL;Float;NULL;NULL;NULL;NULL;
VBC700_BW_WW;WPR_RelaisLaufzeiten_Heizkreispumpe_A1~0x058D;0x058D;Sec2Hour;R;4;;ecnUnit.Stunden;NULL;Float;NULL;NULL;NULL;NULL;
VBC700_BW_WW;WPR_RelaisLaufzeiten_Heizkreispumpe_M2~0x058E;0x058E;Sec2Hour;R;4;;ecnUnit.Stunden;NULL;Float;NULL;NULL;NULL;NULL;
VBC700_BW_WW;WPR_RelaisLaufzeiten_Heizkreispumpe_M3~0x058F;0x058F;Sec2Hour;R;4;;ecnUnit.Stunden;NULL;Float;NULL;NULL;NULL;NULL;
VBC700_BW_WW;WPR_RelaisLaufzeiten_Schaltausgang_Wtimer_ZP~0x0590;0x0590;Sec2Hour;R;4;;ecnUnit.Stunden;NULL;Float;NULL;NULL;NULL;NULL;
VBC700_BW_WW;WPR_RelaisLaufzeiten_Sammelstoerung~0x0591;0x0591;Sec2Hour;R;4;;ecnUnit.Stunden;NULL;Float;NULL;NULL;NULL;NULL;
VBC700_BW_WW;WPR_RelaisLaufzeiten_NatCooling_Ansteuerung~0x0592;0x0592;Sec2Hour;R;4;;ecnUnit.Stunden;NULL;Float;NULL;NULL;NULL;NULL;
VBC700_BW_WW;WPR_RelaisLaufzeiten_Solarpumpe~0x0593;0x0593;Sec2Hour;R;4;;ecnUnit.Stunden;NULL;Float;NULL;NULL;NULL;NULL;
VBC700_BW_WW;WPR_RelaisLaufzeiten_3W_VentilHeizen_WW1~0x0594;0x0594;Sec2Hour;R;4;;ecnUnit.Stunden;NULL;Float;NULL;NULL;NULL;NULL;
VBC700_BW_WW;WPR_RelaisLaufzeiten_3W_VentilHeizen_WW2~0x0595;0x0595;Sec2Hour;R;4;;ecnUnit.Stunden;NULL;Float;NULL;NULL;NULL;NULL;
VBC700_BW_WW;WPR_RelaisLaufzeiten_Speicherladepumpe~0x0596;0x0596;Sec2Hour;R;4;;ecnUnit.Stunden;NULL;Float;NULL;NULL;NULL;NULL;
VBC700_BW_WW;WPR_RelaisLaufzeiten_Schwimmbad_Ventil~0x0597;0x0597;Sec2Hour;R;4;;ecnUnit.Stunden;NULL;Float;NULL;NULL;NULL;NULL;
VBC700_BW_WW;WPR_RelaisLaufzeiten_FolgeWP1_Kaskade~0x0598;0x0598;Sec2Hour;R;4;;ecnUnit.Stunden;NULL;Float;NULL;NULL;NULL;NULL;
VBC700_BW_WW;WPR_RelaisLaufzeiten_FolgeWP2_Kaskade~0x0599;0x0599;Sec2Hour;R;4;;ecnUnit.Stunden;NULL;Float;NULL;NULL;NULL;NULL;
VBC700_BW_WW;WPR_RelaisLaufzeiten_FolgeWP3_Kaskade~0x059A;0x059A;Sec2Hour;R;4;;ecnUnit.Stunden;NULL;Float;NULL;NULL;NULL;NULL;
VBC700_BW_WW;WPR_RelaisLaufzeiten_FolgeWP4_Kaskade~0x059B;0x059B;Sec2Hour;R;4;;ecnUnit.Stunden;NULL;Float;NULL;NULL;NULL;NULL;
VBC700_BW_WW;WPR_RelaisLaufzeiten_Kaeltekreis_Umkehr~0x059C;0x059C;Sec2Hour;R;4;;ecnUnit.Stunden;NULL;Float;NULL;NULL;NULL;NULL;
VBC700_BW_WW;WPR_RelaisLaufzeiten_Fernbed1_StoerLED~0x059D;0x059D;Sec2Hour;R;4;;ecnUnit.Stunden;NULL;Float;NULL;NULL;NULL;NULL;
VBC700_BW_WW;WPR_RelaisLaufzeiten_Fernbed2_StoerLED~0x059E;0x059E;Sec2Hour;R;4;;ecnUnit.Stunden;NULL;Float;NULL;NULL;NULL;NULL;
VBC700_BW_WW;WPR_RelaisLaufzeiten_Fernbed3_StoerLED~0x059F;0x059F;Sec2Hour;R;4;;ecnUnit.Stunden;NULL;Float;NULL;NULL;NULL;NULL;
VBC700_BW_WW;WPR_RelaisLaufzeiten_SolarpumpeVitosolic~0x05A0;0x05A0;Sec2Hour;R;4;;ecnUnit.Stunden;NULL;Float;NULL;NULL;NULL;NULL;
VBC700_BW_WW;WPR_RelaisLaufzeiten_WW_Ladung_2terSollwert~0x05A1;0x05A1;Sec2Hour;R;4;;ecnUnit.Stunden;NULL;Float;NULL;NULL;NULL;NULL;
VBC700_BW_WW;WPR_RelaisLaufzeiten_EEV1_FreigabeEEVRegelung~0x05A2;0x05A2;Sec2Hour;R;4;;ecnUnit.Stunden;NULL;Float;NULL;NULL;NULL;NULL;
VBC700_BW_WW;WPR_RelaisLaufzeiten_EEV2_FreigabeEEVRegelung~0x05A3;0x05A3;Sec2Hour;R;4;;ecnUnit.Stunden;NULL;Float;NULL;NULL;NULL;NULL;
VBC700_BW_WW;WPR_RelaisLaufzeiten_EEV1_FreigabeEVIRegelung~0x05A4;0x05A4;Sec2Hour;R;4;;ecnUnit.Stunden;NULL;Float;NULL;NULL;NULL;NULL;
VBC700_BW_WW;WPR_RelaisLaufzeiten_EEV2_FreigabeEVIRegelung~0x05A5;0x05A5;Sec2Hour;R;4;;ecnUnit.Stunden;NULL;Float;NULL;NULL;NULL;NULL;
VBC700_BW_WW;WPR_RelaisLaufzeiten_EEV1_HeizenKuehlen~0x05A6;0x05A6;Sec2Hour;R;4;;ecnUnit.Stunden;NULL;Float;NULL;NULL;NULL;NULL;
VBC700_BW_WW;WPR_RelaisLaufzeiten_EEV2_HeizenKuehlen~0x05A7;0x05A7;Sec2Hour;R;4;;ecnUnit.Stunden;NULL;Float;NULL;NULL;NULL;NULL;
VBC700_BW_WW;WPR_RelaisLaufzeiten_EEV1_Verdichter~0x05A8;0x05A8;Sec2Hour;R;4;;ecnUnit.Stunden;NULL;Float;NULL;NULL;NULL;NULL;
VBC700_BW_WW;WPR_RelaisLaufzeiten_EEV2_Verdichter~0x05A9;0x05A9;Sec2Hour;R;4;;ecnUnit.Stunden;NULL;Float;NULL;NULL;NULL;NULL;
VBC700_BW_WW;WPR_RelaisLaufzeiten_EEV1_DigitalScroll~0x05AA;0x05AA;Sec2Hour;R;4;;ecnUnit.Stunden;NULL;Float;NULL;NULL;NULL;NULL;
VBC700_BW_WW;WPR_RelaisLaufzeiten_EEV2_DigitalScroll~0x05AB;0x05AB;Sec2Hour;R;4;;ecnUnit.Stunden;NULL;Float;NULL;NULL;NULL;NULL;
VBC700_BW_WW;WPR_RelaisLaufzeiten_EEV1_EVIVentil~0x05AC;0x05AC;Sec2Hour;R;4;;ecnUnit.Stunden;NULL;Float;NULL;NULL;NULL;NULL;
VBC700_BW_WW;WPR_RelaisLaufzeiten_EEV2_EVIVentil~0x05AD;0x05AD;Sec2Hour;R;4;;ecnUnit.Stunden;NULL;Float;NULL;NULL;NULL;NULL;
VBC700_BW_WW;WPR_RelaisLaufzeiten_EEV1_ECVPosition~0x05AE;0x05AE;Sec2Hour;R;4;;ecnUnit.Stunden;NULL;Float;NULL;NULL;NULL;NULL;
VBC700_BW_WW;WPR_RelaisLaufzeiten_EEV2_ECVPosition~0x05AF;0x05AF;Sec2Hour;R;4;;ecnUnit.Stunden;NULL;Float;NULL;NULL;NULL;NULL;
VBC700_BW_WW;WPR_RelaisLaufzeiten_EEV1_EVIPosition~0x05B0;0x05B0;Sec2Hour;R;4;;ecnUnit.Stunden;NULL;Float;NULL;NULL;NULL;NULL;
VBC700_BW_WW;WPR_RelaisLaufzeiten_EEV2_EVIPosition~0x05B1;0x05B1;Sec2Hour;R;4;;ecnUnit.Stunden;NULL;Float;NULL;NULL;NULL;NULL;
VBC700_BW_WW;WPR_RelaisLaufzeiten_M2_MischerZU~0x05B3;0x05B3;Sec2Hour;R;4;;ecnUnit.Stunden;NULL;Float;NULL;NULL;NULL;NULL;
VBC700_BW_WW;WPR_RelaisLaufzeiten_M3_MischerAUF~0x05B4;0x05B4;Sec2Hour;R;4;;ecnUnit.Stunden;NULL;Float;NULL;NULL;NULL;NULL;
VBC700_BW_WW;WPR_RelaisLaufzeiten_M3_MischerZU~0x05B5;0x05B5;Sec2Hour;R;4;;ecnUnit.Stunden;NULL;Float;NULL;NULL;NULL;NULL;
VBC700_BW_WW;WPR_RelaisLaufzeiten_NCueberHK_MischerAUF~0x05B6;0x05B6;Sec2Hour;R;4;;ecnUnit.Stunden;NULL;Float;NULL;NULL;NULL;NULL;
VBC700_BW_WW;WPR_RelaisLaufzeiten_NCueberHK_MischerZU~0x05B7;0x05B7;Sec2Hour;R;4;;ecnUnit.Stunden;NULL;Float;NULL;NULL;NULL;NULL;
VBC700_BW_WW;WPR_RelaisLaufzeiten_extWaermeerzeuger_MischerAUF~0x05B8;0x05B8;Sec2Hour;R;4;;ecnUnit.Stunden;NULL;Float;NULL;NULL;NULL;NULL;
VBC700_BW_WW;WPR_RelaisLaufzeiten_extWaermeerzeuger_MischerZU~0x05B9;0x05B9;Sec2Hour;R;4;;ecnUnit.Stunden;NULL;Float;NULL;NULL;NULL;NULL;
VBC700_BW_WW;WPR_RelaisLaufzeiten_MischerAUF_Relaistest~0x05BA;0x05BA;Sec2Hour;R;4;;ecnUnit.Stunden;NULL;Float;NULL;NULL;NULL;NULL;
VBC700_BW_WW;WPR_RelaisLaufzeiten_MischerZU_Relaistest~0x05BB;0x05BB;Sec2Hour;R;4;;ecnUnit.Stunden;NULL;Float;NULL;NULL;NULL;NULL;
VBC700_BW_WW;WPR3_05BC_Freigabe_Absorberpumpe~0x05BC;0x05BC;Sec2Hour;R;4;;ecnUnit.Stunden;NULL;Float;NULL;NULL;NULL;NULL;
VBC700_BW_WW;WPR3_05BD_Umschaltventil_Brennwert~0x05BD;0x05BD;Sec2Hour;R;4;;ecnUnit.Stunden;NULL;Float;NULL;NULL;NULL;NULL;
VBC700_BW_WW;WPR3_05BED_Umschaltventil_Bivalenzbetrieb~0x05BE;0x05BE;Sec2Hour;R;4;;ecnUnit.Stunden;NULL;Float;NULL;NULL;NULL;NULL;
VBC700_BW_WW;WPR_Mischer_HK_M2_IstPos~0x0600;0x0600;Div2;R;1;;ecnUnit.Prozent;NULL;Float;NULL;NULL;NULL;NULL;
VBC700_BW_WW;WPR_Mischer_HK_M2_SollPos~0x0600;0x0600;Div2;R;1;;ecnUnit.Prozent;NULL;Float;NULL;NULL;NULL;NULL;
VBC700_BW_WW;WPR_Mischer_HK_M2_TempBefehl~0x0600;0x0600;Div10;R;2;;ecnUnit.Grad C;NULL;Float;NULL;NULL;NULL;NULL;
VBC700_BW_WW;WPR_Mischer_HK_M3_IstPos~0x0601;0x0601;Div2;R;1;;ecnUnit.Prozent;NULL;Float;NULL;NULL;NULL;NULL;
VBC700_BW_WW;WPR_Mischer_HK_M3_SollPos~0x0601;0x0601;Div2;R;1;;ecnUnit.Prozent;NULL;Float;NULL;NULL;NULL;NULL;
VBC700_BW_WW;WPR_Mischer_HK_M3_SollTemp~0x0601;0x0601;Div10;R;2;;ecnUnit.Grad C;NULL;Float;NULL;NULL;NULL;NULL;
VBC700_BW_WW;WPR_Mischer_Kuehlkreis_NatCooling_IstPos~0x0602;0x0602;Div2;R;1;;ecnUnit.Prozent;NULL;Float;NULL;NULL;NULL;NULL;
VBC700_BW_WW;WPR_Mischer_Kuehlkreis_NatCooling_SollPos~0x0602;0x0602;Div2;R;1;;ecnUnit.Prozent;NULL;Float;NULL;NULL;NULL;NULL;
VBC700_BW_WW;WPR_Mischer_Kuehlkreis_NatCooling_SollTemp~0x0602;0x0602;Div10;R;2;;ecnUnit.Grad C;NULL;Float;NULL;NULL;NULL;NULL;
VBC700_BW_WW;WPR_Mischer_ext_Waermerzeuger_IstPos~0x0603;0x0603;Div2;R;1;;ecnUnit.Prozent;NULL;Float;NULL;NULL;NULL;NULL;
VBC700_BW_WW;WPR_Mischer_ext_Waermerzeuger_SollPos~0x0603;0x0603;Div2;R;1;;ecnUnit.Prozent;NULL;Float;NULL;NULL;NULL;NULL;
VBC700_BW_WW;WPR_Mischer_ext_Waermerzeuger_SollTemp~0x0603;0x0603;Div10;R;2;;ecnUnit.Grad C;NULL;Float;NULL;NULL;NULL;NULL;
VBC700_BW_WW;WPR_Mischer_ext_Waermerzeuger_Status~0x0603;0x0603;NoConversion;R;1;;;NULL;VarChar;NULL;NULL;NULL;0,1;VORHANDEN,NICHT VORHANDEN
VBC700_BW_WW;WPR_Mischer_sep_NatCooling_Kreis_SollPos~0x0604;0x0604;Div2;R;1;;ecnUnit.Prozent;NULL;Float;NULL;NULL;NULL;NULL;
VBC700_BW_WW;WPR_Mischer_sep_NatCooling_Kreis_SollTemp~0x0604;0x0604;Div10;R;2;;ecnUnit.Grad C;NULL;Float;NULL;NULL;NULL;NULL;
VBC700_BW_WW;WPR_Mischer_sep_NatCooling_Kreis_Status~0x0604;0x0604;NoConversion;R;1;;;NULL;VarChar;NULL;NULL;NULL;0,1;VORHANDEN,NICHT VORHANDEN
VBC700_BW_WW;WPR_Mischer_Umschaltventil_HeizenWW1_IstPos~0x0605;0x0605;Div2;R;1;;ecnUnit.Prozent;NULL;Float;NULL;NULL;NULL;NULL;
VBC700_BW_WW;WPR_Mischer_Umschaltventil_HeizenWW1_SollPos~0x0605;0x0605;Div2;R;1;;ecnUnit.Prozent;NULL;Float;NULL;NULL;NULL;NULL;
VBC700_BW_WW;WPR_Mischer_Umschaltventil_HeizenWW1_SollTemp~0x0605;0x0605;Div10;R;2;;ecnUnit.Grad C;NULL;Float;NULL;NULL;NULL;NULL;
VBC700_BW_WW;WPR_Mischer_Umschaltventil_HeizenWW1_Status~0x0605;0x0605;NoConversion;R;1;;;NULL;VarChar;NULL;NULL;NULL;0,1;VORHANDEN,NICHT VORHANDEN
VBC700_BW_WW;WPR_Mischer_EEV1_ECV_Umschaltventil_IstPos~0x0606;0x0606;Div2;R;1;;ecnUnit.Prozent;NULL;Float;NULL;NULL;NULL;NULL;
VBC700_BW_WW;WPR_Mischer_EEV1_ECV_Umschaltventil_SollPos~0x0606;0x0606;Div2;R;1;;ecnUnit.Prozent;NULL;Float;NULL;NULL;NULL;NULL;
VBC700_BW_WW;WPR_Mischer_EEV1_ECV_Umschaltventil_SollTemp~0x0606;0x0606;Div10;R;2;;ecnUnit.Grad C;NULL;Float;NULL;NULL;NULL;NULL;
VBC700_BW_WW;WPR_Mischer_EEV1_ECV_Umschaltventil_Status~0x0606;0x0606;NoConversion;R;1;;;NULL;VarChar;NULL;NULL;NULL;0,1;VORHANDEN,NICHT VORHANDEN
VBC700_BW_WW;WPR_Mischer_EEV2_ECV_Umschaltventil_IstPos~0x0607;0x0607;Div2;R;1;;ecnUnit.Prozent;NULL;Float;NULL;NULL;NULL;NULL;
VBC700_BW_WW;WPR_Mischer_EEV2_ECV_Umschaltventil_SollPos~0x0607;0x0607;Div2;R;1;;ecnUnit.Prozent;NULL;Float;NULL;NULL;NULL;NULL;
VBC700_BW_WW;WPR_Mischer_EEV2_ECV_Umschaltventil_SollTemp~0x0607;0x0607;Div10;R;2;;ecnUnit.Grad C;NULL;Float;NULL;NULL;NULL;NULL;
VBC700_BW_WW;WPR_Mischer_EEV2_ECV_Umschaltventil_Status~0x0607;0x0607;NoConversion;R;1;;;NULL;VarChar;NULL;NULL;NULL;0,1;VORHANDEN,NICHT VORHANDEN
VBC700_BW_WW;WPR_SensorPosition_Eingang_ext_AE~0x0640;0x0640;NoConversion;R;1;;ecnUnit.Prozent;NULL;Int;NULL;NULL;NULL;NULL;
VBC700_BW_WW;WPR_SensorPosition_ECV_1~0x0641;0x0641;NoConversion;R;1;;ecnUnit.Prozent;NULL;Int;NULL;NULL;NULL;NULL;
VBC700_BW_WW;WPR_SensorPosition_ECV_2~0x0642;0x0642;NoConversion;R;1;;ecnUnit.Prozent;NULL;Int;NULL;NULL;NULL;NULL;
VBC700_BW_WW;WPR_SensorPositionStatus_Eingang_ext_AE~0x0660;0x0660;NoConversion;R;1;;;NULL;VarChar;NULL;NULL;NULL;0,1,2,3,4,5,6,7,8,9;SENSOR OK,SENSOR SCHLUSS,SENSOR BRUCH,SENSOR REFERENZFEHLER,SENSOR REFERENZUNTERMIN,SENSOR REFERENZUEBERMAX,SENSOR NICHT VORHANDEN,SENSOR CHECK,SENSOR FEHLER,SENSOR KOM FEHLER
VBC700_BW_WW;WPR_SensorPositionStatus_ECV_1~0x0661;0x0661;NoConversion;R;1;;;NULL;VarChar;NULL;NULL;NULL;0,1,2,3,4,5,6,7,8,9;SENSOR OK,SENSOR SCHLUSS,SENSOR BRUCH,SENSOR REFERENZFEHLER,SENSOR REFERENZUNTERMIN,SENSOR REFERENZUEBERMAX,SENSOR NICHT VORHANDEN,SENSOR CHECK,SENSOR FEHLER,SENSOR KOM FEHLER
VBC700_BW_WW;WPR_SensorPositionStatus_ECV_2~0x0662;0x0662;NoConversion;R;1;;;NULL;VarChar;NULL;NULL;NULL;0,1,2,3,4,5,6,7,8,9;SENSOR OK,SENSOR SCHLUSS,SENSOR BRUCH,SENSOR REFERENZFEHLER,SENSOR REFERENZUNTERMIN,SENSOR REFERENZUEBERMAX,SENSOR NICHT VORHANDEN,SENSOR CHECK,SENSOR FEHLER,SENSOR KOM FEHLER
VBC700_BW_WW;WPR_SensorDruck_EEV_Saugdruck1~0x0680;0x0680;Div10;R;2;;;0,1;Float;NULL;NULL;NULL;NULL;Jahresarbeitszahl
VBC700_BW_WW;WPR_SensorDruck_EEV_Saugdruck2~0x0681;0x0681;Div10;R;2;;;0,1;Float;NULL;NULL;NULL;NULL;Jahresarbeitszahl
VBC700_BW_WW;WPR_SensorDruck_EEV_Kondensatordruck1~0x0682;0x0682;Div10;R;2;;;0,1;Float;NULL;NULL;NULL;NULL;Jahresarbeitszahl
VBC700_BW_WW;WPR_SensorDruck_EEV_Kondensatordruck2~0x0683;0x0683;Div10;R;2;;;0,1;Float;NULL;NULL;NULL;NULL;Jahresarbeitszahl
VBC700_BW_WW;WPR_SensorDruckStatus_EEV_Saugdruck1~0x06A0;0x06A0;NoConversion;R;1;;;NULL;VarChar;NULL;NULL;NULL;0,1,2,3,4,5,6,7,8,9;SENSOR OK,SENSOR SCHLUSS,SENSOR BRUCH,SENSOR REFERENZFEHLER,SENSOR REFERENZUNTERMIN,SENSOR REFERENZUEBERMAX,SENSOR NICHT VORHANDEN,SENSOR CHECK,SENSOR FEHLER,SENSOR KOM FEHLER
VBC700_BW_WW;WPR_SensorDruckStatus_EEV_Saugdruck2~0x06A1;0x06A1;NoConversion;R;1;;;NULL;VarChar;NULL;NULL;NULL;0,1,2,3,4,5,6,7,8,9;SENSOR OK,SENSOR SCHLUSS,SENSOR BRUCH,SENSOR REFERENZFEHLER,SENSOR REFERENZUNTERMIN,SENSOR REFERENZUEBERMAX,SENSOR NICHT VORHANDEN,SENSOR CHECK,SENSOR FEHLER,SENSOR KOM FEHLER
VBC700_BW_WW;WPR_SensorDruckStatus_EEV_Kondensatordruck1~0x06A2;0x06A2;NoConversion;R;1;;;NULL;VarChar;NULL;NULL;NULL;0,1,2,3,4,5,6,7,8,9;SENSOR OK,SENSOR SCHLUSS,SENSOR BRUCH,SENSOR REFERENZFEHLER,SENSOR REFERENZUNTERMIN,SENSOR REFERENZUEBERMAX,SENSOR NICHT VORHANDEN,SENSOR CHECK,SENSOR FEHLER,SENSOR KOM FEHLER
VBC700_BW_WW;WPR_SensorDruckStatus_EEV_Kondensatordruck2~0x06A3;0x06A3;NoConversion;R;1;;;NULL;VarChar;NULL;NULL;NULL;0,1,2,3,4,5,6,7,8,9;SENSOR OK,SENSOR SCHLUSS,SENSOR BRUCH,SENSOR REFERENZFEHLER,SENSOR REFERENZUNTERMIN,SENSOR REFERENZUEBERMAX,SENSOR NICHT VORHANDEN,SENSOR CHECK,SENSOR FEHLER,SENSOR KOM FEHLER
VBC700_BW_WW;WPR_Solldruck1_EEV1_MOP~0x06C0;0x06C0;NoConversion;R;2;;;NULL;Int;NULL;NULL;NULL;NULL;
VBC700_BW_WW;WPR_Solldruck2_EEV2_MOP~0x06C1;0x06C1;NoConversion;R;2;;;NULL;Int;NULL;NULL;NULL;NULL;
VBC700_BW_WW;WPR_elektrExpansionsventil_Stufe1~0x06E0;0x06E0;NoConversion;R;4;;;NULL;Binary;NULL;NULL;NULL;NULL;
VBC700_BW_WW;WPR_elektrExpansionsventil_Stufe2~0x06E0;0x06E0;NoConversion;R;4;;;NULL;Binary;NULL;NULL;NULL;NULL;
VBC700_BW_WW;WPR_Uhrzeit~0x08E0;0x08E0;DateTimeBCD;R/W;8;;;NULL;DateTime;NULL;NULL;NULL;NULL;
VBC700_BW_WW;WPR_Produktmerkmal_SoleWasserWP~0x0900;0x0900;NoConversion;R;1;;;NULL;VarChar;NULL;NULL;NULL;0,1;NICHT VORHANDEN,VORHANDEN
VBC700_BW_WW;WPR_Produktmerkmal_LuftWasserWP~0x0901;0x0901;NoConversion;R;1;;;NULL;VarChar;NULL;NULL;NULL;0,1;NICHT VORHANDEN,VORHANDEN
VBC700_BW_WW;WPR_Produktmerkmal_LuftLuftWP~0x0902;0x0902;NoConversion;R;1;;;NULL;VarChar;NULL;NULL;NULL;0,1;NICHT VORHANDEN,VORHANDEN
VBC700_BW_WW;WPR_Produktmerkmal_WP_Zweistufig~0x0903;0x0903;NoConversion;R;1;;;NULL;VarChar;NULL;NULL;NULL;0,1;NICHT VORHANDEN,VORHANDEN
VBC700_BW_WW;WPR_Produktmerkmal_eHeizung_moeglich~0x0904;0x0904;NoConversion;R;1;;;NULL;VarChar;NULL;NULL;NULL;0,1;NICHT VORHANDEN,VORHANDEN
VBC700_BW_WW;WPR_Produktmerkmal_WW_eHeizung_moeglich~0x0905;0x0905;NoConversion;R;1;;;NULL;VarChar;NULL;NULL;NULL;0,1;NICHT VORHANDEN,VORHANDEN
VBC700_BW_WW;WPR_Produktmerkmal_Ext_Waermeerzeuger_moeglich~0x0906;0x0906;NoConversion;R;1;;;NULL;VarChar;NULL;NULL;NULL;0,1;NICHT VORHANDEN,VORHANDEN
VBC700_BW_WW;WPR_Produktmerkmal_Kaskade_moeglich~0x0907;0x0907;NoConversion;R;1;;;NULL;VarChar;NULL;NULL;NULL;0,1;NICHT VORHANDEN,VORHANDEN
VBC700_BW_WW;WPR_Produktmerkmal_Fremdansteuerung_moeglich~0x0908;0x0908;NoConversion;R;1;;;NULL;VarChar;NULL;NULL;NULL;0,1;NICHT VORHANDEN,VORHANDEN
VBC700_BW_WW;WPR_Produktmerkmal_Heissgassensor_vorhanden~0x0909;0x0909;NoConversion;R;1;;;NULL;VarChar;NULL;NULL;NULL;0,1;NICHT VORHANDEN,VORHANDEN
VBC700_BW_WW;WPR_Produktmerkmal_OelSumpfheizung_vorhanden~0x090A;0x090A;NoConversion;R;1;;;NULL;VarChar;NULL;NULL;NULL;0,1;NICHT VORHANDEN,VORHANDEN
VBC700_BW_WW;WPR_Produktmerkmal_TempSens_Prim_Ausg~0x090B;0x090B;NoConversion;R;1;;;NULL;VarChar;NULL;NULL;NULL;0,1;NICHT VORHANDEN,VORHANDEN
VBC700_BW_WW;WPR_Produktmerkmal_ReversBetrieb_moeglich~0x090C;0x090C;NoConversion;R;1;;;NULL;VarChar;NULL;NULL;NULL;0,1;NICHT VORHANDEN,VORHANDEN
VBC700_BW_WW;WPR_Produktmerkmal_LeistungsregVerdichter_moeglich~0x090D;0x090D;NoConversion;R;1;;;NULL;VarChar;NULL;NULL;NULL;0,1;NICHT VORHANDEN,VORHANDEN
VBC700_BW_WW;WPR_Produktmerkmal_LeiterplatteMB760_moeglich~0x090E;0x090E;NoConversion;R;1;;;NULL;VarChar;NULL;NULL;NULL;0,1;NICHT VORHANDEN,VORHANDEN
VBC700_BW_WW;WPR_Produktmerkmal_LeiterplatteMB770_moeglich~0x090F;0x090F;NoConversion;R;1;;;NULL;VarChar;NULL;NULL;NULL;0,1;NICHT VORHANDEN,VORHANDEN
VBC700_BW_WW;WPR_Produktmerkmal_Heizspeicher_moeglich~0x0910;0x0910;NoConversion;R;1;;;NULL;VarChar;NULL;NULL;NULL;0,1;NICHT VORHANDEN,VORHANDEN
VBC700_BW_WW;WPR_Produktmerkmal_WWSpeicher_moeglich~0x0911;0x0911;NoConversion;R;1;;;NULL;VarChar;NULL;NULL;NULL;0,1;NICHT VORHANDEN,VORHANDEN
VBC700_BW_WW;WPR_Produktmerkmal_HeizenWW_ueberSolar_vorhanden~0x0912;0x0912;NoConversion;R;1;;;NULL;VarChar;NULL;NULL;NULL;0,1;NICHT VORHANDEN,VORHANDEN
VBC700_BW_WW;WPR_Produktmerkmal_WW_Zirkulationspumpe_moeglich~0x0913;0x0913;NoConversion;R;1;;;NULL;VarChar;NULL;NULL;NULL;0,1;NICHT VORHANDEN,VORHANDEN
VBC700_BW_WW;WPR_Produktmerkmal_Solarsteuerung_int_moeglich~0x0914;0x0914;NoConversion;R;1;;;NULL;VarChar;NULL;NULL;NULL;0,1;NICHT VORHANDEN,VORHANDEN
VBC700_BW_WW;WPR_Produktmerkmal_Anschluss_Vitosolic_moeglich~0x0915;0x0915;NoConversion;R;1;;;NULL;VarChar;NULL;NULL;NULL;0,1;NICHT VORHANDEN,VORHANDEN
VBC700_BW_WW;WPR_Produktmerkmal_NaturalCooling_moeglich~0x0916;0x0916;NoConversion;R;1;;;NULL;VarChar;NULL;NULL;NULL;0,1;NICHT VORHANDEN,VORHANDEN
VBC700_BW_WW;WPR_Produktmerkmal_SepNatCoolingKreis_moeglich~0x0917;0x0917;NoConversion;R;1;;;NULL;VarChar;NULL;NULL;NULL;0,1;NICHT VORHANDEN,VORHANDEN
VBC700_BW_WW;WPR_Produktmerkmal_ActiveCooling_moeglich~0x0918;0x0918;NoConversion;R;1;;;NULL;VarChar;NULL;NULL;NULL;0,1;NICHT VORHANDEN,VORHANDEN
VBC700_BW_WW;WPR_Produktmerkmal_KommunikModul_moeglich~0x0919;0x0919;NoConversion;R;1;;;NULL;VarChar;NULL;NULL;NULL;0,1;NICHT VORHANDEN,VORHANDEN
VBC700_BW_WW;WPR_Produktmerkmal_LONFktErweitert_vorhanden~0x091A;0x091A;NoConversion;R;1;;;NULL;VarChar;NULL;NULL;NULL;0,1;NICHT VORHANDEN,VORHANDEN
VBC700_BW_WW;WPR_Produktmerkmal_Schwimmbad_moeglich~0x091B;0x091B;NoConversion;R;1;;;NULL;VarChar;NULL;NULL;NULL;0,1;NICHT VORHANDEN,VORHANDEN
VBC700_BW_WW;WPR_Produktmerkmal_ElektrExpansionsventil1_vorhanden~0x091C;0x091C;NoConversion;R;1;;;NULL;VarChar;NULL;NULL;NULL;0,1;NICHT VORHANDEN,VORHANDEN
VBC700_BW_WW;WPR_Produktmerkmal_ElektrExpansionsventil2_vorhanden~0x091D;0x091D;NoConversion;R;1;;;NULL;VarChar;NULL;NULL;NULL;0,1;NICHT VORHANDEN,VORHANDEN
VBC700_BW_WW;WPR_Produktmerkmal_Verdampfersensor_vorhanden~0x091E;0x091E;NoConversion;R;1;;;NULL;VarChar;NULL;NULL;NULL;0,1;NICHT VORHANDEN,VORHANDEN
VBC700_BW_WW;WPR_Produktmerkmal_Heizkreis1_moeglich~0x091F;0x091F;NoConversion;R;1;;;NULL;VarChar;NULL;NULL;NULL;0,1;NICHT VORHANDEN,VORHANDEN
VBC700_BW_WW;WPR_Produktmerkmal_Heizkreis2_moeglich~0x0920;0x0920;NoConversion;R;1;;;NULL;VarChar;NULL;NULL;NULL;0,1;NICHT VORHANDEN,VORHANDEN
VBC700_BW_WW;WPR_Produktmerkmal_Heizkreis3_moeglich~0x0921;0x0921;NoConversion;R;1;;;NULL;VarChar;NULL;NULL;NULL;0,1;NICHT VORHANDEN,VORHANDEN
VBC700_BW_WW;WPR_GueltSolltemp_HK1~0x1000;0x1000;Div10;R;2;;ecnUnit.Grad C;NULL;Float;NULL;NULL;NULL;NULL;
VBC700_BW_WW;WPR_GueltSolltemp_HK2~0x1001;0x1001;Div10;R;2;;ecnUnit.Grad C;NULL;Float;NULL;NULL;NULL;NULL;
VBC700_BW_WW;WPR_GueltSolltemp_HK3~0x1002;0x1002;Div10;R;2;;ecnUnit.Grad C;NULL;Float;NULL;NULL;NULL;NULL;
VBC700_BW_WW;WPR_GueltSolltemp_Kuehlkreis~0x1003;0x1003;Div10;R;2;;ecnUnit.Grad C;NULL;Float;NULL;NULL;NULL;NULL;
VBC700_BW_WW;WPR_GueltSolltemp_HW_Pufferspeicher~0x1004;0x1004;Div10;R;2;;ecnUnit.Grad C;NULL;Float;NULL;NULL;NULL;NULL;
VBC700_BW_WW;WPR_GueltSolltemp_Warmwasser~0x1005;0x1005;Div10;R;2;;ecnUnit.Grad C;NULL;Float;NULL;NULL;NULL;NULL;
VBC700_BW_WW;WPR_GueltSolltemp_Schwimmbad~0x1006;0x1006;Div10;R;2;;ecnUnit.Grad C;NULL;Float;NULL;NULL;NULL;NULL;
VBC700_BW_WW;WPR_GueltSolltemp_resultHeizKreisanforderung~0x1007;0x1007;Div10;R;2;;ecnUnit.Grad C;NULL;Float;NULL;NULL;NULL;NULL;
VBC700_BW_WW;WPR_GueltSolltemp_ZentrAnforderung~0x1008;0x1008;Div10;R;2;;ecnUnit.Grad C;NULL;Float;NULL;NULL;NULL;NULL;
VBC700_BW_WW;WPR_GueltSollleistung_HK1~0x1100;0x1100;NoConversion;R;2;;ecnUnit.Prozent;NULL;Int;NULL;NULL;NULL;NULL;
VBC700_BW_WW;WPR_GueltSollleistung_HK2~0x1101;0x1101;NoConversion;R;2;;ecnUnit.Prozent;NULL;Int;NULL;NULL;NULL;NULL;
VBC700_BW_WW;WPR_GueltSollleistung_HK3~0x1102;0x1102;NoConversion;R;2;;ecnUnit.Prozent;NULL;Int;NULL;NULL;NULL;NULL;
VBC700_BW_WW;WPR_GueltSollleistung_Kuehlkreis~0x1103;0x1103;NoConversion;R;2;;ecnUnit.Prozent;NULL;Int;NULL;NULL;NULL;NULL;
VBC700_BW_WW;WPR_GueltSollleistung_HW_Pufferspeicher~0x1104;0x1104;NoConversion;R;2;;ecnUnit.Prozent;NULL;Int;NULL;NULL;NULL;NULL;
VBC700_BW_WW;WPR_GueltSollleistung_Warmwasser~0x1105;0x1105;NoConversion;R;2;;ecnUnit.Prozent;NULL;Int;NULL;NULL;NULL;NULL;
VBC700_BW_WW;WPR_GueltSollleistung_Schwimmbad~0x1106;0x1106;NoConversion;R;2;;ecnUnit.Prozent;NULL;Int;NULL;NULL;NULL;NULL;
VBC700_BW_WW;WPR_GueltSollleistung_resultHeizKreisanforderung~0x1107;0x1107;NoConversion;R;2;;ecnUnit.Prozent;NULL;Int;NULL;NULL;NULL;NULL;
VBC700_BW_WW;WPR_GueltSollleistung_ZentrAnforderung~0x1108;0x1108;NoConversion;R;2;;ecnUnit.Prozent;NULL;Int;NULL;NULL;NULL;NULL;
VBC700_BW_WW;WPR_GueltBedarf_HK1~0x1200;0x1200;NoConversion;R;1;;;NULL;VarChar;NULL;NULL;NULL;0,1,2,3,4,5;KEIN BEDARF,MINIMALER BEDARF,GERINGER BEDARF,MITTLERER BEDARF,HOHER BEDARF,MAXIMAL BEDARF
VBC700_BW_WW;WPR_GueltBedarf_HK2~0x1201;0x1201;NoConversion;R;1;;;NULL;VarChar;NULL;NULL;NULL;0,1,2,3,4,5;KEIN BEDARF,MINIMALER BEDARF,GERINGER BEDARF,MITTLERER BEDARF,HOHER BEDARF,MAXIMAL BEDARF
VBC700_BW_WW;WPR_GueltBedarf_HK3~0x1202;0x1202;NoConversion;R;1;;;NULL;VarChar;NULL;NULL;NULL;0,1,2,3,4,5;KEIN BEDARF,MINIMALER BEDARF,GERINGER BEDARF,MITTLERER BEDARF,HOHER BEDARF,MAXIMAL BEDARF
VBC700_BW_WW;WPR_GueltBedarf_Kuehlkreis~0x1203;0x1203;NoConversion;R;1;;;NULL;VarChar;NULL;NULL;NULL;0,1,2,3,4,5;KEIN BEDARF,MINIMALER BEDARF,GERINGER BEDARF,MITTLERER BEDARF,HOHER BEDARF,MAXIMAL BEDARF
VBC700_BW_WW;WPR_GueltBedarf_HW_Pufferspeicher~0x1204;0x1204;NoConversion;R;1;;;NULL;VarChar;NULL;NULL;NULL;0,1,2,3,4,5;KEIN BEDARF,MINIMALER BEDARF,GERINGER BEDARF,MITTLERER BEDARF,HOHER BEDARF,MAXIMAL BEDARF
VBC700_BW_WW;WPR_GueltBedarf_Warmwasser~0x1205;0x1205;NoConversion;R;1;;;NULL;VarChar;NULL;NULL;NULL;0,1,2,3,4,5;KEIN BEDARF,MINIMALER BEDARF,GERINGER BEDARF,MITTLERER BEDARF,HOHER BEDARF,MAXIMAL BEDARF
VBC700_BW_WW;WPR_GueltBedarf_Schwimmbad~0x1206;0x1206;NoConversion;R;1;;;NULL;VarChar;NULL;NULL;NULL;0,1,2,3,4,5;KEIN BEDARF,MINIMALER BEDARF,GERINGER BEDARF,MITTLERER BEDARF,HOHER BEDARF,MAXIMAL BEDARF
VBC700_BW_WW;WPR_GueltBedarf_resultHeizKreisanforderung~0x1207;0x1207;NoConversion;R;1;;;NULL;VarChar;NULL;NULL;NULL;0,1,2,3,4,5;KEIN BEDARF,MINIMALER BEDARF,GERINGER BEDARF,MITTLERER BEDARF,HOHER BEDARF,MAXIMAL BEDARF
VBC700_BW_WW;WPR_GueltBedarf_ZentrAnforderung~0x1208;0x1208;NoConversion;R;1;;;NULL;VarChar;NULL;NULL;NULL;0,1,2,3,4,5;KEIN BEDARF,MINIMALER BEDARF,GERINGER BEDARF,MITTLERER BEDARF,HOHER BEDARF,MAXIMAL BEDARF
VBC700_BW_WW;WPR_GueltBetriebsart_HK1~0x1250;0x1250;NoConversion;R;1;;;NULL;VarChar;NULL;NULL;NULL;0,1,2,3;BA_Standby,BA_Reduziert,BA_Normal,BA_Festwert
VBC700_BW_WW;WPR_GueltBetriebsart_HK2~0x1251;0x1251;NoConversion;R;1;;;NULL;VarChar;NULL;NULL;NULL;0,1,2,3;BA_Standby,BA_Reduziert,BA_Normal,BA_Festwert
VBC700_BW_WW;WPR_GueltBetriebsart_HK3~0x1252;0x1252;NoConversion;R;1;;;NULL;VarChar;NULL;NULL;NULL;0,1,2,3;BA_Standby,BA_Reduziert,BA_Normal,BA_Festwert
VBC700_BW_WW;WPR_GueltBetriebsart_Kuehlkreis~0x1253;0x1253;NoConversion;R;1;;;NULL;VarChar;NULL;NULL;NULL;0,1,2,3;BA_Standby,BA_Reduziert,BA_Normal,BA_Festwert
VBC700_BW_WW;WPR_GueltBetriebsart_HW_Pufferspeicher~0x1254;0x1254;NoConversion;R;1;;;NULL;VarChar;NULL;NULL;NULL;0,1,2,3;BA_Standby,BA_Reduziert,BA_Normal,BA_Festwert
VBC700_BW_WW;WPR_GueltBetriebsart_Warmwasser~0x1255;0x1255;NoConversion;R;1;;;NULL;VarChar;NULL;NULL;NULL;0,1,2,3;BA_Standby,BA_Reduziert,BA_Normal,BA_Festwert
VBC700_BW_WW;WPR_GueltBetriebsart_Schwimmbad~0x1256;0x1256;NoConversion;R;1;;;NULL;VarChar;NULL;NULL;NULL;0,1,2,3;BA_Standby,BA_Reduziert,BA_Normal,BA_Festwert
VBC700_BW_WW;WPR_GueltBetriebsart_resultHeizKreisanforderung~0x1257;0x1257;NoConversion;R;1;;;NULL;VarChar;NULL;NULL;NULL;0,1,2,3;BA_Standby,BA_Reduziert,BA_Normal,BA_Festwert
VBC700_BW_WW;WPR_GueltBetriebsart_ZentrAnforderung~0x1258;0x1258;NoConversion;R;1;;;NULL;VarChar;NULL;NULL;NULL;0,1,2,3;BA_Standby,BA_Reduziert,BA_Normal,BA_Festwert
VBC700_BW_WW;WPR_GueltBetriebsmodus_HK1~0x12A0;0x12A0;NoConversion;R;1;;;NULL;VarChar;NULL;NULL;NULL;0,1,2,3;BM_Aus,BM_Heizen,BM_Kuehlen,BM_Auto
VBC700_BW_WW;WPR_GueltBetriebsmodus_HK2~0x12A1;0x12A1;NoConversion;R;1;;;NULL;VarChar;NULL;NULL;NULL;0,1,2,3;BM_Aus,BM_Heizen,BM_Kuehlen,BM_Auto
VBC700_BW_WW;WPR_GueltBetriebsmodus_HK3~0x12A2;0x12A2;NoConversion;R;1;;;NULL;VarChar;NULL;NULL;NULL;0,1,2,3;BM_Aus,BM_Heizen,BM_Kuehlen,BM_Auto
VBC700_BW_WW;WPR_GueltBetriebsmodus_Kuehlkreis~0x12A3;0x12A3;NoConversion;R;1;;;NULL;VarChar;NULL;NULL;NULL;0,1,2,3;BM_Aus,BM_Heizen,BM_Kuehlen,BM_Auto
VBC700_BW_WW;WPR_GueltBetriebsmodus_HW_Pufferspeicher~0x12A4;0x12A4;NoConversion;R;1;;;NULL;VarChar;NULL;NULL;NULL;0,1,2,3;BM_Aus,BM_Heizen,BM_Kuehlen,BM_Auto
VBC700_BW_WW;WPR_GueltBetriebsmodus_Warmwasser~0x12A5;0x12A5;NoConversion;R;1;;;NULL;VarChar;NULL;NULL;NULL;0,1,2,3;BM_Aus,BM_Heizen,BM_Kuehlen,BM_Auto
VBC700_BW_WW;WPR_GueltBetriebsmodus_Schwimmbad~0x12A6;0x12A6;NoConversion;R;1;;;NULL;VarChar;NULL;NULL;NULL;0,1,2,3;BM_Aus,BM_Heizen,BM_Kuehlen,BM_Auto
VBC700_BW_WW;WPR_GueltBetriebsmodus_resultHeizKreisanforderung~0x12A7;0x12A7;NoConversion;R;1;;;NULL;VarChar;NULL;NULL;NULL;0,1,2,3;BM_Aus,BM_Heizen,BM_Kuehlen,BM_Auto
VBC700_BW_WW;WPR_GueltBetriebsmodus_ZentrAnforderung~0x12A8;0x12A8;NoConversion;R;1;;;NULL;VarChar;NULL;NULL;NULL;0,1,2,3;BM_Aus,BM_Heizen,BM_Kuehlen,BM_Auto
VBC700_BW_WW;WPR_Zustandsautomat_InternerZustand_HK1~0x1300;0x1300;NoConversion;R;1;;;NULL;Int;NULL;NULL;NULL;NULL;
VBC700_BW_WW;WPR_Zustandsautomat_InternerZustand_HK2~0x1301;0x1301;NoConversion;R;1;;;NULL;Int;NULL;NULL;NULL;NULL;
VBC700_BW_WW;WPR_Zustandsautomat_InternerZustand_HK3~0x1302;0x1302;NoConversion;R;1;;;NULL;Int;NULL;NULL;NULL;NULL;
VBC700_BW_WW;WPR_Zustandsautomat_InternerZustand_Kuehlkreis~0x1303;0x1303;NoConversion;R;1;;;NULL;Int;NULL;NULL;NULL;NULL;
VBC700_BW_WW;WPR_Zustandsautomat_InternerZustand_HW_Pufferspeicher~0x1304;0x1304;NoConversion;R;1;;;NULL;Int;NULL;NULL;NULL;NULL;
VBC700_BW_WW;WPR_Zustandsautomat_InternerZustand_WW_Speicher~0x1305;0x1305;NoConversion;R;1;;;NULL;Int;NULL;NULL;NULL;NULL;
VBC700_BW_WW;WPR_Zustandsautomat_PM_SC1~0x1306;0x1306;NoConversion;R;1;;;NULL;Int;NULL;NULL;NULL;NULL;
VBC700_BW_WW;WPR_Zustandsautomat_PM_SC2~0x1307;0x1307;NoConversion;R;1;;;NULL;Int;NULL;NULL;NULL;NULL;
VBC700_BW_WW;WPR_Zustandsautomat_PM_SC3~0x1308;0x1308;NoConversion;R;1;;;NULL;Int;NULL;NULL;NULL;NULL;
VBC700_BW_WW;WPR_Zustandsautomat_PM_SC4~0x1309;0x1309;NoConversion;R;1;;;NULL;Int;NULL;NULL;NULL;NULL;
VBC700_BW_WW;WPR_Zustandsautomat_WP1~0x130A;0x130A;NoConversion;R;1;;;NULL;Int;NULL;NULL;NULL;NULL;
VBC700_BW_WW;WPR_Zustandsautomat_WP2~0x130B;0x130B;NoConversion;R;1;;;NULL;Int;NULL;NULL;NULL;NULL;
VBC700_BW_WW;WPR_Zustandsautomat_EHO~0x130C;0x130C;NoConversion;R;1;;;NULL;Int;NULL;NULL;NULL;NULL;
VBC700_BW_WW;WPR_Zustandsautomat_Erdsonde~0x130D;0x130D;NoConversion;R;1;;;NULL;Int;NULL;NULL;NULL;NULL;
VBC700_BW_WW;WPR_Zustandsautomat_extWaermeerzeuger~0x130E;0x130E;NoConversion;R;1;;;NULL;Int;NULL;NULL;NULL;NULL;
VBC700_BW_WW;WPR_Zustandsautomat_HeizKuehlbetrieb_extWaermepumpe1~0x130F;0x130F;NoConversion;R;1;;;NULL;Int;NULL;NULL;NULL;NULL;
VBC700_BW_WW;WPR_Zustandsautomat_HeizKuehlbetrieb_extWaermepumpe2~0x1310;0x1310;NoConversion;R;1;;;NULL;Int;NULL;NULL;NULL;NULL;
VBC700_BW_WW;WPR_Zustandsautomat_HeizKuehlbetrieb_extWaermepumpe3~0x1311;0x1311;NoConversion;R;1;;;NULL;Int;NULL;NULL;NULL;NULL;
VBC700_BW_WW;WPR_Zustandsautomat_Solaranlage~0x1312;0x1312;NoConversion;R;1;;;NULL;Int;NULL;NULL;NULL;NULL;
VBC700_BW_WW;WPR_Zustandsautomat_HCFDM~0x1313;0x1313;NoConversion;R;1;;;NULL;Int;NULL;NULL;NULL;NULL;
VBC700_BW_WW;WPR_Zustandsautomat_LFDM_SC1~0x1314;0x1314;NoConversion;R;1;;;NULL;Int;NULL;NULL;NULL;NULL;
VBC700_BW_WW;WPR_Zustandsautomat_LFDM_SC2~0x1315;0x1315;NoConversion;R;1;;;NULL;Int;NULL;NULL;NULL;NULL;
VBC700_BW_WW;WPR_Zustandsautomat_LFDM_SC3~0x1316;0x1316;NoConversion;R;1;;;NULL;Int;NULL;NULL;NULL;NULL;
VBC700_BW_WW;WPR_Zustandsautomat_LFDM_SC4~0x1317;0x1317;NoConversion;R;1;;;NULL;Int;NULL;NULL;NULL;NULL;
VBC700_BW_WW;WPR_Zustandsautomat_CFDM_SC1~0x1318;0x1318;NoConversion;R;1;;;NULL;Int;NULL;NULL;NULL;NULL;
VBC700_BW_WW;WPR_Zustandsautomat_CFDM_SC2~0x1319;0x1319;NoConversion;R;1;;;NULL;Int;NULL;NULL;NULL;NULL;
VBC700_BW_WW;WPR_Zustandsautomat_CFDM_SC3~0x131A;0x131A;NoConversion;R;1;;;NULL;Int;NULL;NULL;NULL;NULL;
VBC700_BW_WW;WPR_Zustandsautomat_CFDM_SC4~0x131B;0x131B;NoConversion;R;1;;;NULL;Int;NULL;NULL;NULL;NULL;
VBC700_BW_WW;WPR_Heizperiode_Heizkreis1~0x1400;0x1400;NoConversion;R;1;;;NULL;Int;NULL;NULL;NULL;NULL;
VBC700_BW_WW;WPR_Heizperiode_Heizkreis2~0x1401;0x1401;NoConversion;R;1;;;NULL;Int;NULL;NULL;NULL;NULL;
VBC700_BW_WW;WPR_Heizperiode_Heizkreis3~0x1402;0x1402;NoConversion;R;1;;;NULL;Int;NULL;NULL;NULL;NULL;
VBC700_BW_WW;WPR_Kuehlperiode_Heizkreis1~0x1403;0x1403;NoConversion;R;1;;;NULL;Int;NULL;NULL;NULL;NULL;
VBC700_BW_WW;WPR_Kuehlperiode_Heizkreis2~0x1404;0x1404;NoConversion;R;1;;;NULL;Int;NULL;NULL;NULL;NULL;
VBC700_BW_WW;WPR_Kuehlperiode_Heizkreis3~0x1405;0x1405;NoConversion;R;1;;;NULL;Int;NULL;NULL;NULL;NULL;
VBC700_BW_WW;WPR_Frostschutz_Heizkreis1~0x1406;0x1406;NoConversion;R;1;;;NULL;Int;NULL;NULL;NULL;NULL;
VBC700_BW_WW;WPR_Frostschutz_Heizkreis2~0x1407;0x1407;NoConversion;R;1;;;NULL;Int;NULL;NULL;NULL;NULL;
VBC700_BW_WW;WPR_Frostschutz_Heizkreis3~0x1408;0x1408;NoConversion;R;1;;;NULL;Int;NULL;NULL;NULL;NULL;
VBC700_BW_WW;WPR_Hydraulikmanager_HKPumpe1~0x1500;0x1500;NoConversion;R;1;;;NULL;Int;NULL;NULL;NULL;NULL;
VBC700_BW_WW;WPR_Hydraulikmanager_HKPumpe2~0x1501;0x1501;NoConversion;R;1;;;NULL;Int;NULL;NULL;NULL;NULL;
VBC700_BW_WW;WPR_Hydraulikmanager_HKPumpe3~0x1502;0x1502;NoConversion;R;1;;;NULL;Int;NULL;NULL;NULL;NULL;
VBC700_BW_WW;WPR_Hydraulikmanager_PrimPumpe_WP1~0x1503;0x1503;NoConversion;R;1;;;NULL;Int;NULL;NULL;NULL;NULL;
VBC700_BW_WW;WPR_Hydraulikmanager_PrimPumpe_WP2~0x1504;0x1504;NoConversion;R;1;;;NULL;Int;NULL;NULL;NULL;NULL;
VBC700_BW_WW;WPR_Hydraulikmanager_SekPumpe_WP1~0x1505;0x1505;NoConversion;R;1;;;NULL;Int;NULL;NULL;NULL;NULL;
VBC700_BW_WW;WPR_Hydraulikmanager_SekPumpe_WP2~0x1506;0x1506;NoConversion;R;1;;;NULL;Int;NULL;NULL;NULL;NULL;
VBC700_BW_WW;WPR_Hydraulikmanager_ZK_Pumpe~0x1507;0x1507;NoConversion;R;1;;;NULL;Int;NULL;NULL;NULL;NULL;
VBC700_BW_WW;WPR_Hydraulikmanager_WW_Ladepumpe~0x1508;0x1508;NoConversion;R;1;;;NULL;Int;NULL;NULL;NULL;NULL;
VBC700_BW_WW;WPR_Hydraulikmanager_Solarpumpe~0x1509;0x1509;NoConversion;R;1;;;NULL;Int;NULL;NULL;NULL;NULL;
VBC700_BW_WW;WPR_gemitteltTemp_PrimEingTemp~0x1600;0x1600;Div10;R;2;;ecnUnit.Grad C;NULL;Float;NULL;NULL;NULL;NULL;
VBC700_BW_WW;WPR_gemitteltTemp_PrimAusgTemp~0x1601;0x1601;Div10;R;2;;ecnUnit.Grad C;NULL;Float;NULL;NULL;NULL;NULL;
VBC700_BW_WW;WPR_gemitteltTemp_Sek_VLTemp~0x1602;0x1602;Div10;R;2;;ecnUnit.Grad C;NULL;Float;NULL;NULL;NULL;NULL;
VBC700_BW_WW;WPR_gemitteltTemp_Sek_RL1Temp~0x1603;0x1603;Div10;R;2;;ecnUnit.Grad C;NULL;Float;NULL;NULL;NULL;NULL;
VBC700_BW_WW;WPR_gemitteltTemp_Sek_RL2Temp~0x1604;0x1604;Div10;R;2;;ecnUnit.Grad C;NULL;Float;NULL;NULL;NULL;NULL;
VBC700_BW_WW;WPR_gemitteltDruck_Verdampfungsdruck_Verdichter1~0x1610;0x1610;Div10;R;2;;ecnUnit.Bar (absolut);NULL;Float;NULL;NULL;NULL;NULL;
VBC700_BW_WW;WPR_gemitteltDruck_Verdampfungsdruck_Verdichter2~0x1611;0x1611;Div10;R;2;;ecnUnit.Bar (absolut);NULL;Float;NULL;NULL;NULL;NULL;
VBC700_BW_WW;WPR_gemitteltDruck_Kondensationsdruck_Verdichter1~0x1612;0x1612;Div10;R;2;;ecnUnit.Bar (absolut);NULL;Float;NULL;NULL;NULL;NULL;
VBC700_BW_WW;WPR_gemitteltDruck_Kondensationsdruck_Verdichter2~0x1613;0x1613;Div10;R;2;;ecnUnit.Bar (absolut);NULL;Float;NULL;NULL;NULL;NULL;
VBC700_BW_WW;WPR_Belastungsklasse1_Verdichter1~0x1620;0x1620;NoConversion;R;2;;ecnUnit.Stunden;NULL;Int;NULL;NULL;NULL;NULL;
VBC700_BW_WW;WPR_Belastungsklasse1_Verdichter2~0x1621;0x1621;NoConversion;R;2;;ecnUnit.Stunden;NULL;Int;NULL;NULL;NULL;NULL;
VBC700_BW_WW;WPR_Belastungsklasse2_Verdichter1~0x1622;0x1622;NoConversion;R;2;;ecnUnit.Stunden;NULL;Int;NULL;NULL;NULL;NULL;
VBC700_BW_WW;WPR_Belastungsklasse2_Verdichter2~0x1623;0x1623;NoConversion;R;2;;ecnUnit.Stunden;NULL;Int;NULL;NULL;NULL;NULL;
VBC700_BW_WW;WPR_Belastungsklasse3_Verdichter1~0x1624;0x1624;NoConversion;R;2;;ecnUnit.Stunden;NULL;Int;NULL;NULL;NULL;NULL;
VBC700_BW_WW;WPR_Belastungsklasse3_Verdichter2~0x1625;0x1625;NoConversion;R;2;;ecnUnit.Stunden;NULL;Int;NULL;NULL;NULL;NULL;
VBC700_BW_WW;WPR_Belastungsklasse4_Verdichter1~0x1626;0x1626;NoConversion;R;2;;ecnUnit.Stunden;NULL;Int;NULL;NULL;NULL;NULL;
VBC700_BW_WW;WPR_Belastungsklasse4_Verdichter2~0x1627;0x1627;NoConversion;R;2;;ecnUnit.Stunden;NULL;Int;NULL;NULL;NULL;NULL;
VBC700_BW_WW;WPR_Belastungsklasse5_Verdichter1~0x1628;0x1628;NoConversion;R;2;;ecnUnit.Stunden;NULL;Int;NULL;NULL;NULL;NULL;
VBC700_BW_WW;WPR_Belastungsklasse5_Verdichter2~0x1629;0x1629;NoConversion;R;2;;ecnUnit.Stunden;NULL;Int;NULL;NULL;NULL;NULL;
VBC700_BW_WW;WPR_Heizwaerme01~0x1640;0x1640;Div100;R;2;;ecnUnit.kW;NULL;Float;NULL;NULL;NULL;NULL;
VBC700_BW_WW;WPR_Heizwaerme02~0x1641;0x1641;Div100;R;2;;ecnUnit.kW;NULL;Float;NULL;NULL;NULL;NULL;
VBC700_BW_WW;WPR_Heizwaerme03~0x1642;0x1642;Div100;R;2;;ecnUnit.kW;NULL;Float;NULL;NULL;NULL;NULL;
VBC700_BW_WW;WPR_Heizwaerme04~0x1643;0x1643;Div100;R;2;;ecnUnit.kW;NULL;Float;NULL;NULL;NULL;NULL;
VBC700_BW_WW;WPR_Heizwaerme05~0x1644;0x1644;Div100;R;2;;ecnUnit.kW;NULL;Float;NULL;NULL;NULL;NULL;
VBC700_BW_WW;WPR_Heizwaerme06~0x1645;0x1645;Div100;R;2;;ecnUnit.kW;NULL;Float;NULL;NULL;NULL;NULL;
VBC700_BW_WW;WPR_Heizwaerme07~0x1646;0x1646;Div100;R;2;;ecnUnit.kW;NULL;Float;NULL;NULL;NULL;NULL;
VBC700_BW_WW;WPR_Heizwaerme08~0x1647;0x1647;Div100;R;2;;ecnUnit.kW;NULL;Float;NULL;NULL;NULL;NULL;
VBC700_BW_WW;WPR_Heizwaerme09~0x1648;0x1648;Div100;R;2;;ecnUnit.kW;NULL;Float;NULL;NULL;NULL;NULL;
VBC700_BW_WW;WPR_Heizwaerme10~0x1649;0x1649;Div100;R;2;;ecnUnit.kW;NULL;Float;NULL;NULL;NULL;NULL;
VBC700_BW_WW;WPR_Heizwaerme11~0x164A;0x164A;Div100;R;2;;ecnUnit.kW;NULL;Float;NULL;NULL;NULL;NULL;
VBC700_BW_WW;WPR_Heizwaerme12~0x164B;0x164B;Div100;R;2;;ecnUnit.kW;NULL;Float;NULL;NULL;NULL;NULL;
VBC700_BW_WW;WPR_Anforderung_Heizkreis1~0x1900;0x1900;NoConversion;R;1;;;NULL;Int;NULL;NULL;NULL;NULL;
VBC700_BW_WW;WPR_Anforderung_Heizkreis2~0x1901;0x1901;NoConversion;R;1;;;NULL;Int;NULL;NULL;NULL;NULL;
VBC700_BW_WW;WPR_Anforderung_Heizkreis3~0x1902;0x1902;NoConversion;R;1;;;NULL;Int;NULL;NULL;NULL;NULL;
VBC700_BW_WW;WPR_Anforderung_Kuehlkreis~0x1903;0x1903;NoConversion;R;1;;;NULL;Int;NULL;NULL;NULL;NULL;
VBC700_BW_WW;WPR_Anforderung_HW_Pufferspeicher~0x1904;0x1904;NoConversion;R;1;;;NULL;Int;NULL;NULL;NULL;NULL;
VBC700_BW_WW;WPR_Anforderung_Warmwasser~0x1905;0x1905;NoConversion;R;1;;;NULL;Int;NULL;NULL;NULL;NULL;
VBC700_BW_WW;WPR_Anforderung_Schwimmbad~0x1906;0x1906;NoConversion;R;1;;;NULL;Int;NULL;NULL;NULL;NULL;
VBC700_BW_WW;WPR_Anforderung_HCFDM~0x1907;0x1907;NoConversion;R;1;;;NULL;Int;NULL;NULL;NULL;NULL;
VBC700_BW_WW;WPR_Anforderung_CFDM~0x1908;0x1908;NoConversion;R;1;;;NULL;Int;NULL;NULL;NULL;NULL;
VBC700_BW_WW;WPR_eHeizung_Stufe~0x1909;0x1909;NoConversion;R;1;;;NULL;Int;NULL;NULL;NULL;NULL;
VBC700_BW_WW;WPR_Solarertrag_Reglermethoden~0x190A;0x190A;NoConversion;R;4;;ecnUnit.kWh;NULL;Int;NULL;NULL;NULL;NULL;
VBC700_BW_WW;WPR_MischerBetrieb_NatCoooling_Mischer_Heizkreise~0x190B;0x190B;NoConversion;R;1;;;NULL;Int;NULL;NULL;NULL;NULL;
VBC700_BW_WW;WPR_MischerBetrieb_sep_NatCooling_Mischer~0x190C;0x190C;NoConversion;R;1;;;NULL;Int;NULL;NULL;NULL;NULL;
VBC700_BW_WW;WPR_MischerBetrieb_Heizkreis2~0x190D;0x190D;NoConversion;R;1;;;NULL;Int;NULL;NULL;NULL;NULL;
VBC700_BW_WW;WPR_MischerBetrieb_Heizkreis3~0x190E;0x190E;NoConversion;R;1;;;NULL;Int;NULL;NULL;NULL;NULL;
VBC700_BW_WW;WPR_MischerBetrieb_extWaermeerzeuger~0x190F;0x190F;NoConversion;R;1;;;NULL;Int;NULL;NULL;NULL;NULL;
VBC700_BW_WW;WPR_HK1_Normaltemperatur~0x2000;0x2000;Div10;R/W;2;20;ecnUnit.Grad C;1;Float;NULL;10;30;NULL;
VBC700_BW_WW;WPR_HK1_Redtemperatur~0x2001;0x2001;Div10;R/W;2;14;ecnUnit.Grad C;1;Float;NULL;10;30;NULL;
VBC700_BW_WW;WPR_HK1_WTimer_HK~0x2002;0x2002;NoConversion;R/W;2;2;;NULL;VarChar;NULL;NULL;NULL;0,1,2,3;Stand By,Reduziert,Normal,Festwert
VBC700_BW_WW;WPR_HK1_Fernbedienung~0x2003;0x2003;NoConversion;R/W;1;0;;NULL;VarChar;NULL;NULL;NULL;0,1;NEIN,JA
VBC700_BW_WW;WPR_HK1_Betriebsart_Heizkreis~0x2004;0x2004;NoConversion;R/W;1;6;;NULL;VarChar;NULL;NULL;NULL;0,1,2,3,4,5,6;0: Stand-by: Frostschutz,1: Dauernd reduzierte Raumtemp.,2: Dauernd normale Raumtemp.,3: Festwertregler auf max. Vorlauftemp.,4: Schaltzeiten,5: Betriebsartenwahlschalter,6: Standard
VBC700_BW_WW;WPR_HK1_Raumregelung~0x2005;0x2005;NoConversion;R/W;1;0;;NULL;VarChar;NULL;NULL;NULL;0,1;NEIN,JA
VBC700_BW_WW;WPR_HK1_Niveau_Heizkennlinie~0x2006;0x2006;Div10;R/W;2;0;ecnUnit.K;1;Float;NULL;-15;40;NULL;
VBC700_BW_WW;WPR_HK1_Neigung_Heizkennlinie~0x2007;0x2007;Div10;R/W;2;0,6;;1;Float;NULL;0;35;NULL;
VBC700_BW_WW;WPR_HK1_Raumtemperatursensor~0x2008;0x2008;NoConversion;R/W;1;0;;NULL;VarChar;NULL;NULL;NULL;0,1;NEIN,JA
VBC700_BW_WW;WPR_HK1_Integralanteil_raumregler~0x2009;0x2009;NoConversion;R/W;2;10;;5;Int;NULL;5;1000;NULL;
VBC700_BW_WW;WPR_HK1_Neigung_Raumaufschaltung~0x200A;0x200A;Div10;R/W;1;1;;1;Float;NULL;0;5;NULL;
VBC700_BW_WW;WPR_HK1_Raumtemperaturaufschaltung~0x200B;0x200B;NoConversion;R/W;1;3;;NULL;VarChar;NULL;NULL;NULL;0,1,2,3;0: ohne,1: Reduzierter Betrieb,2: Normaler Betrieb,3: Normaler & Reduzierter Betrieb
VBC700_BW_WW;WPR_HK1_Einschaltoptimierung~0x200C;0x200C;NoConversion;R/W;1;0;;NULL;VarChar;NULL;NULL;NULL;0,1;NEIN,JA
VBC700_BW_WW;WPR_HK1_max_Vorlaufkorrekturen~0x200D;0x200D;Div10;R/W;2;10;ecnUnit.K;1;Float;NULL;1;100;NULL;
VBC700_BW_WW;WPR_HK1_max_Vorlauftemperatur_HK~0x200E;0x200E;Div10;R/W;2;40;ecnUnit.Grad C;1;Float;NULL;10;70;NULL;
VBC700_BW_WW;WPR_HK1_min_Vorlauftemperatur_HK~0x200F;0x200F;Div10;R/W;2;10;ecnUnit.Grad C;1;Float;NULL;1;30;NULL;
VBC700_BW_WW;WPR_HK1_WWbeiParty~0x2010;0x2010;NoConversion;R/W;1;1;;NULL;VarChar;NULL;NULL;NULL;0,1;NEIN,JA
VBC700_BW_WW;WPR_HK1_heizkreis_reaktion_force~0x2011;0x2011;NoConversion;R/W;1;2;;NULL;VarChar;NULL;NULL;NULL;0,1,2;0: keine Wärmeanahme,1: nur bei kritischem Überschuss,2: zu jeder Zeit
VBC700_BW_WW;WPR_HK1_max_Ueberhoehung_TRaum~0x2012;0x2012;Div10;R/W;2;5;ecnUnit.Grad C;1;Float;NULL;0,5;20;NULL;
VBC700_BW_WW;WPR_HK1_Niveau_HKMischer~0x2014;0x2014;Div10;R/W;2;2;ecnUnit.K;1;Float;NULL;-15;40;NULL;
VBC700_BW_WW;WPR_HK1_Laufzeit_HKMischer~0x2015;0x2015;NoConversion;R/W;2;125;ecnUnit.Sekunden;1;Int;NULL;5;255;NULL;
VBC700_BW_WW;WPR_HK1_Tastband_HKMischer~0x2018;0x2018;Div10;R/W;2;4;ecnUnit.K;0,5;Float;NULL;2;40;NULL;
VBC700_BW_WW;WPR_HK1_Totband_HKMischer~0x2019;0x2019;Div10;R/W;2;1;ecnUnit.K;0,1;Float;NULL;0,5;3;NULL;
VBC700_BW_WW;WPR_HK1_Neigung_Kuehlkennlinie~0x201D;0x201D;NoConversion;R/W;2;12;;1;Int;NULL;0;35;NULL;
VBC700_BW_WW;WPR_HK1_Tastband_NCMischer~0x201F;0x201F;NoConversion;R/W;2;40;;5;Int;NULL;20;400;NULL;
VBC700_BW_WW;WPR_HK1_Totband_NCMischer~0x2020;0x2020;NoConversion;R/W;2;10;;1;Int;NULL;5;30;NULL;
VBC700_BW_WW;WPR_HK1_Laufzeit_NCMischer~0x2021;0x2021;NoConversion;R/W;2;125;ecnUnit.Sekunden;1;Int;NULL;5;255;NULL;
VBC700_BW_WW;Absenkzeit_gelerntA1M1~0x253D;0x253D;NoConversion;R/W;1;;ecnUnit.Minuten;10;Int;NULL;0;250;NULL;
VBC700_BW_WW;WPR_HK2_Normaltemperatur~0x3000;0x3000;Div10;R/W;2;20;ecnUnit.Grad C;1;Float;NULL;10;30;NULL;
VBC700_BW_WW;WPR_HK2_Redtemperatur~0x3001;0x3001;Div10;R/W;2;14;ecnUnit.Grad C;1;Float;NULL;10;30;NULL;
VBC700_BW_WW;WPR_HK2_WTimer_HK~0x3002;0x3002;NoConversion;R/W;2;2;;NULL;VarChar;NULL;NULL;NULL;0,1,2,3;Stand By,Reduziert,Normal,Festwert
VBC700_BW_WW;WPR_HK2_Fernbedienung~0x3003;0x3003;NoConversion;R/W;1;0;;NULL;VarChar;NULL;NULL;NULL;0,1;NEIN,JA
VBC700_BW_WW;WPR_HK2_Betriebsart_Heizkreis~0x3004;0x3004;NoConversion;R/W;1;6;;NULL;VarChar;NULL;NULL;NULL;0,1,2,3,4,5,6;0: Stand-by: Frostschutz,1: Dauernd reduzierte Raumtemp.,2: Dauernd normale Raumtemp.,3: Festwertregler auf max. Vorlauftemp.,4: Schaltzeiten,5: Betriebsartenwahlschalter,6: Standard
VBC700_BW_WW;WPR_HK2_Raumregelung~0x3005;0x3005;NoConversion;R/W;1;0;;NULL;VarChar;NULL;NULL;NULL;0,1;NEIN,JA
VBC700_BW_WW;WPR_HK2_Niveau_Heizkennlinie~0x3006;0x3006;Div10;R/W;2;0;ecnUnit.K;1;Float;NULL;-15;40;NULL;
VBC700_BW_WW;WPR_HK2_Neigung_Heizkennlinie~0x3007;0x3007;Div10;R/W;2;0,6;;1;Float;NULL;0;35;NULL;
VBC700_BW_WW;WPR_HK2_Raumtemperatursensor~0x3008;0x3008;NoConversion;R/W;1;0;;NULL;VarChar;NULL;NULL;NULL;0,1;NEIN,JA
VBC700_BW_WW;WPR_HK2_Integralanteil_raumregler~0x3009;0x3009;Div10;R/W;2;10;;5;Float;NULL;5;1000;NULL;
VBC700_BW_WW;WPR_HK2_Neigung_Raumaufschaltung~0x300A;0x300A;Div10;R/W;1;1;;1;Float;NULL;0;5;NULL;
VBC700_BW_WW;WPR_HK2_Raumtemperaturaufschaltung~0x300B;0x300B;NoConversion;R/W;1;3;;NULL;VarChar;NULL;NULL;NULL;0,1,2,3;0: ohne,1: Reduzierter Betrieb,2: Normaler Betrieb,3: Normaler & Reduzierter Betrieb
VBC700_BW_WW;WPR_HK2_Einschaltoptimierung~0x300C;0x300C;NoConversion;R/W;1;0;;NULL;VarChar;NULL;NULL;NULL;0,1;NEIN,JA
VBC700_BW_WW;WPR_HK2_max_Vorlaufkorrekturen~0x300D;0x300D;Div10;R/W;2;100;ecnUnit.K;1;Float;NULL;1;100;NULL;
VBC700_BW_WW;WPR_HK2_max_Vorlauftemperatur_HK~0x300E;0x300E;Div10;R/W;2;40;ecnUnit.Grad C;1;Float;NULL;10;70;NULL;
VBC700_BW_WW;WPR_HK2_min_Vorlauftemperatur_HK~0x300F;0x300F;Div10;R/W;2;10;ecnUnit.Grad C;1;Float;NULL;1;30;NULL;
VBC700_BW_WW;WPR_HK2_WWbeiParty~0x3010;0x3010;NoConversion;R/W;1;1;;NULL;VarChar;NULL;NULL;NULL;0,1;NEIN,JA
VBC700_BW_WW;WPR_HK2_heizkreis_reaktion_force~0x3011;0x3011;NoConversion;R/W;1;2;;NULL;VarChar;NULL;NULL;NULL;0,1,2;0: keine Wärmeanahme,1: nur bei kritischem Überschuss,2: zu jeder Zeit
VBC700_BW_WW;WPR_HK2_max_Ueberhoehung_TRaum~0x3012;0x3012;Div10;R/W;2;5;ecnUnit.Grad C;1;Float;NULL;0,5;20;NULL;
VBC700_BW_WW;WPR_HK2_Niveau_HKMischer~0x3014;0x3014;Div10;R/W;2;2;ecnUnit.K;1;Float;NULL;-15;40;NULL;
VBC700_BW_WW;WPR_HK2_Laufzeit_HKMischer~0x3015;0x3015;NoConversion;R/W;2;125;ecnUnit.Sekunden;1;Int;NULL;5;255;NULL;
VBC700_BW_WW;WPR_HK2_Tastband_HKMischer~0x3018;0x3018;Div10;R/W;2;4;ecnUnit.K;0,5;Float;NULL;2;40;NULL;
VBC700_BW_WW;WPR_HK2_Totband_HKMischer~0x3019;0x3019;Div10;R/W;2;1;ecnUnit.K;0,1;Float;NULL;0,5;3;NULL;
VBC700_BW_WW;WPR_HK2_Tastband_NCMischer~0x301F;0x301F;NoConversion;R/W;2;40;;5;Int;NULL;20;400;NULL;
VBC700_BW_WW;WPR_HK2_Totband_NCMischer~0x3020;0x3020;NoConversion;R/W;2;10;;1;Int;NULL;5;30;NULL;
VBC700_BW_WW;WPR_HK2_Laufzeit_NCMischer~0x3021;0x3021;NoConversion;R/W;2;125;ecnUnit.Sekunden;1;Int;NULL;5;255;NULL;
VBC700_BW_WW;WPR_HK3_Normaltemperatur~0x4000;0x4000;Div10;R/W;2;20;ecnUnit.Grad C;1;Float;NULL;10;30;NULL;
VBC700_BW_WW;WPR_HK3_Redtemperatur~0x4001;0x4001;Div10;R/W;2;14;ecnUnit.Grad C;1;Float;NULL;10;30;NULL;
VBC700_BW_WW;WPR_HK3_WTimer_HK~0x4002;0x4002;NoConversion;R/W;2;2;;NULL;VarChar;NULL;NULL;NULL;0,1,2,3;Stand By,Reduziert,Normal,Festwert
VBC700_BW_WW;WPR_HK3_Fernbedienung~0x4003;0x4003;NoConversion;R/W;1;0;;NULL;VarChar;NULL;NULL;NULL;0,1;NEIN,JA
VBC700_BW_WW;WPR_HK3_Betriebsart_Heizkreis~0x4004;0x4004;NoConversion;R/W;1;6;;NULL;VarChar;NULL;NULL;NULL;0,1,2,3,4,5,6;0: Stand-by: Frostschutz,1: Dauernd reduzierte Raumtemp.,2: Dauernd normale Raumtemp.,3: Festwertregler auf max. Vorlauftemp.,4: Schaltzeiten,5: Betriebsartenwahlschalter,6: Standard
VBC700_BW_WW;WPR_HK3_Raumregelung~0x4005;0x4005;NoConversion;R/W;1;0;;NULL;VarChar;NULL;NULL;NULL;0,1;NEIN,JA
VBC700_BW_WW;WPR_HK3_Niveau_Heizkennlinie~0x4006;0x4006;Div10;R/W;2;0;ecnUnit.K;1;Float;NULL;-15;40;NULL;
VBC700_BW_WW;WPR_HK3_Neigung_Heizkennlinie~0x4007;0x4007;Div10;R/W;2;0,6;;1;Float;NULL;0;35;NULL;
VBC700_BW_WW;WPR_HK3_Raumtemperatursensor~0x4008;0x4008;NoConversion;R/W;1;0;;NULL;VarChar;NULL;NULL;NULL;0,1;NEIN,JA
VBC700_BW_WW;WPR_HK3_Integralanteil_raumregler~0x4009;0x4009;NoConversion;R/W;2;10;;5;Int;NULL;5;1000;NULL;
VBC700_BW_WW;WPR_HK3_Neigung_Raumaufschaltung~0x400A;0x400A;Div10;R/W;1;1;;1;Float;NULL;0;5;NULL;
VBC700_BW_WW;WPR_HK3_Raumtemperaturaufschaltung~0x400B;0x400B;NoConversion;R/W;1;3;;NULL;VarChar;NULL;NULL;NULL;0,1,2,3;0: ohne,1: Reduzierter Betrieb,2: Normaler Betrieb,3: Normaler & Reduzierter Betrieb
VBC700_BW_WW;WPR_HK3_Einschaltoptimierung~0x400C;0x400C;NoConversion;R/W;1;0;;NULL;VarChar;NULL;NULL;NULL;0,1;NEIN,JA
VBC700_BW_WW;WPR_HK3_max_Vorlaufkorrekturen~0x400D;0x400D;Div10;R/W;2;100;ecnUnit.K;1;Float;NULL;1;100;NULL;
VBC700_BW_WW;WPR_HK3_max_Vorlauftemperatur_HK~0x400E;0x400E;Div10;R/W;2;40;ecnUnit.Grad C;1;Float;NULL;10;70;NULL;
VBC700_BW_WW;WPR_HK3_min_Vorlauftemperatur_HK~0x400F;0x400F;Div10;R/W;2;10;ecnUnit.Grad C;1;Float;NULL;1;30;NULL;
VBC700_BW_WW;WPR_HK3_WWbeiParty~0x4010;0x4010;NoConversion;R/W;1;1;;NULL;VarChar;NULL;NULL;NULL;0,1;NEIN,JA
VBC700_BW_WW;WPR_HK3_heizkreis_reaktion_force~0x4011;0x4011;NoConversion;R/W;1;2;;NULL;VarChar;NULL;NULL;NULL;0,1,2;0: keine Wärmeanahme,1: nur bei kritischem Überschuss,2: zu jeder Zeit
VBC700_BW_WW;WPR_HK3_max_Ueberhoehung_TRaum~0x4012;0x4012;Div10;R/W;2;5;ecnUnit.Grad C;1;Float;NULL;0,5;20;NULL;
VBC700_BW_WW;WPR_HK3_Niveau_HKMischer~0x4014;0x4014;Div10;R/W;2;2;ecnUnit.K;1;Float;NULL;-15;40;NULL;
VBC700_BW_WW;WPR_HK3_Laufzeit_HKMischer~0x4015;0x4015;NoConversion;R/W;2;125;ecnUnit.Sekunden;1;Int;NULL;5;255;NULL;
VBC700_BW_WW;WPR_HK3_Tastband_HKMischer~0x4018;0x4018;Div10;R/W;2;4;ecnUnit.K;0,5;Float;NULL;2;40;NULL;
VBC700_BW_WW;WPR_HK3_Totband_HKMischer~0x4019;0x4019;Div10;R/W;2;1;ecnUnit.K;0,1;Float;NULL;0,5;3;NULL;
VBC700_BW_WW;WPR_HK3_Tastband_NCMischer~0x401F;0x401F;NoConversion;R/W;2;40;;5;Int;NULL;20;400;NULL;
VBC700_BW_WW;WPR_HK3_Totband_NCMischer~0x4020;0x4020;NoConversion;R/W;2;10;;1;Int;NULL;5;30;NULL;
VBC700_BW_WW;WPR_HK3_Laufzeit_NCMischer~0x4021;0x4021;NoConversion;R/W;2;125;ecnUnit.Sekunden;1;Int;NULL;5;255;NULL;
VBC700_BW_WW;WPR_Verdichter1_VerdStufeFreigegeben~0x5000;0x5000;NoConversion;R/W;1;;;NULL;VarChar;NULL;NULL;NULL;0,1;NEIN,JA
VBC700_BW_WW;WPR_Verdichter1_t_vorlauf_max_wp~0x5001;0x5001;Div10;R/W;2;60;ecnUnit.Grad C;1;Float;NULL;25;65;NULL;
VBC700_BW_WW;WPR_Verdichter1_t_ruecklauf_min_wp~0x5002;0x5002;Div10;R/W;2;5;ecnUnit.Grad C;1;Float;NULL;1;40;NULL;
VBC700_BW_WW;WPR_Verdichter1_hysterese_t_primaer_ein~0x5004;0x5004;Div10;R/W;2;5;ecnUnit.K;1;Float;NULL;1;20;NULL;
VBC700_BW_WW;WPR_Verdichter1_laufzeit_wp~0x5005;0x5005;NoConversion;R/W;2;120;ecnUnit.Sekunden;10;Int;NULL;120;1800;NULL;
VBC700_BW_WW;WPR_Verdichter1_totzeit_wp~0x5006;0x5006;NoConversion;R/W;2;600;ecnUnit.Sekunden;10;Int;NULL;20;1800;NULL;
VBC700_BW_WW;WPR_Verdichter1_anlaufverzoegerung~0x5008;0x5008;NoConversion;R/W;2;120;ecnUnit.Sekunden;10;Int;NULL;10;1000;NULL;
VBC700_BW_WW;WPR_Verdichter1_optimaleLaufzeit_WP~0x500A;0x500A;NoConversion;R/W;2;120;ecnUnit.Minuten;10;Int;NULL;0;1080;NULL;
VBC700_BW_WW;WPR_Verdichter1_abtauzeit_wp~0x500B;0x500B;NoConversion;R/W;2;1800;ecnUnit.Sekunden;10;Int;NULL;10;3590;NULL;
VBC700_BW_WW;WPR_Verdichter1_maxPause_Abtaustart~0x500C;0x500C;NoConversion;R/W;2;0;ecnUnit.Sekunden;1;Int;NULL;0;600;NULL;
VBC700_BW_WW;WPR_Verdichter1_sperre_abtauung_wp~0x500D;0x500D;NoConversion;R/W;2;90;ecnUnit.Minuten;1;Int;NULL;0;240;NULL;
VBC700_BW_WW;WPR_Verdichter1_differenz_verdampfer_wp~0x500E;0x500E;Div10;R/W;2;3;ecnUnit.K;0,5;Float;NULL;0,5;30;NULL;
VBC700_BW_WW;WPR_Verdichter1_Temp_Abtaubeginn~0x500F;0x500F;NoConversion;R/W;2;0;ecnUnit.Grad C;1;Int;NULL;-200;200;NULL;
VBC700_BW_WW;WPR_Verdichter1_Temp_Abtauende~0x5010;0x5010;Div10;R/W;2;10;ecnUnit.Grad C;0,5;Float;NULL;0;70;NULL;
VBC700_BW_WW;WPR_Verdichter1_max_Thub_WP~0x5011;0x5011;Div10;R/W;2;80;ecnUnit.K;1;Float;NULL;1;100;NULL;
VBC700_BW_WW;WPR_Verdichter1_Verdichter_auf_WW~0x5012;0x5012;NoConversion;R/W;1;1;;NULL;VarChar;NULL;NULL;NULL;0,1;NEIN,JA
VBC700_BW_WW;WPR_Verdichter1_max_t_primaer_ein_wp~0x5015;0x5015;Div10;R/W;2;35;ecnUnit.Grad C;1;Float;NULL;0;50;NULL;
VBC700_BW_WW;WPR_Verdichter1_min_t_primaer_ein_wp~0x5016;0x5016;Div10;R/W;2;-15;ecnUnit.Grad C;1;Float;NULL;-20;20;NULL;
VBC700_BW_WW;WPR_Konfig_Regelung~0x5018;0x5018;NoConversion;R/W;1;57;;1;Binary;NULL;0;255;NULL;
VBC700_BW_WW;WPR_Verdichter1_Ueberhitzungssollwert~0x5019;0x5019;Div10;R/W;2;3;ecnUnit.K;1;Float;NULL;3;25,5;NULL;
VBC700_BW_WW;WPR_Verdichter1_MOP_Grenzwert~0x501A;0x501A;Div10;R/W;2;6,6;ecnUnit.Bar (absolut);1;Float;NULL;0,2;19;NULL;
VBC700_BW_WW;WPR_Verdichter1_PWMZykluszeit_Digital_Scroll~0x501E;0x501E;NoConversion;R/W;2;20;ecnUnit.Sekunden;1;Int;NULL;10;20;NULL;
VBC700_BW_WW;WPR_Verdichter1_Oeffnungsstellung_EEV_Ventil_Startphase~0x501F;0x501F;NoConversion;R/W;1;50;ecnUnit.Prozent;1;Int;NULL;10;100;NULL;
VBC700_BW_WW;WPR_Verdichter1_Startoeffnungsdauer~0x5020;0x5020;NoConversion;R/W;2;5;ecnUnit.Sekunden;1;Int;NULL;1;30;NULL;
VBC700_BW_WW;WPR_Verdichter1_Heissgastemp_Grenzwert~0x5021;0x5021;Div10;R/W;2;130;ecnUnit.Grad C;1;Float;NULL;100;140;NULL;
VBC700_BW_WW;WPR_Verdichter1_Hochdruck_Grenzwert_Absolutdruck~0x5022;0x5022;Div10;R/W;2;26;ecnUnit.Bar;1;Float;NULL;10;50;NULL;
VBC700_BW_WW;WPR_Verdichter1_Alarm_Hochdruck_Totband~0x5023;0x5023;Div10;R/W;2;5;ecnUnit.Bar (absolut);1;Float;NULL;1;20;NULL;
VBC700_BW_WW;WPR_Verdichter1_Ueberhitzungstemp_Grenzwert~0x5024;0x5024;Div10;R/W;2;20;ecnUnit.Grad C;10;Float;NULL;6;50;NULL;
VBC700_BW_WW;WPR_Verdichter1_Niederdruck_Grenzwert~0x5025;0x5025;Div10;R/W;2;2,2;ecnUnit.Bar (absolut);1;Float;NULL;0;10;NULL;
VBC700_BW_WW;WPR_Verdichter1_Niederdruck_Hysterese~0x5026;0x5026;Div10;R/W;2;1,5;ecnUnit.Bar (absolut);1;Float;NULL;0;2;NULL;
VBC700_BW_WW;WPR_Verdichter1_Niederdruck_Verzoegerungszeit_Verdichteranlauf~0x5027;0x5027;NoConversion;R/W;2;10;ecnUnit.Sekunden;1;Int;NULL;0;127;NULL;
VBC700_BW_WW;WPR_Verdichter1_Verdichter_DigitalScroll~0x5029;0x5029;NoConversion;R/W;1;0;;NULL;VarChar;NULL;NULL;NULL;0,1;NEIN,JA
VBC700_BW_WW;WPR_Verdichter1_LeistungVerd~0x5030;0x5030;NoConversion;R/W;1;6;;1;Int;NULL;1;255;NULL;
VBC700_BW_WW;WPR_Verdichter2_VerdStufeFreigegeben~0x5100;0x5100;NoConversion;R/W;1;;;NULL;VarChar;NULL;NULL;NULL;0,1;NEIN,JA
VBC700_BW_WW;WPR_Verdichter2_t_vorlauf_max_wp~0x5101;0x5101;Div10;R/W;2;60;ecnUnit.Grad C;1;Float;NULL;25;65;NULL;
VBC700_BW_WW;WPR_Verdichter2_t_ruecklauf_min_wp~0x5102;0x5102;Div10;R/W;2;5;ecnUnit.Grad C;1;Float;NULL;1;40;NULL;
VBC700_BW_WW;WPR_Verdichter2_hysterese_t_primaer_ein~0x5104;0x5104;Div10;R/W;2;5;ecnUnit.K;1;Float;NULL;1;20;NULL;
VBC700_BW_WW;WPR_Verdichter2_laufzeit_wp~0x5105;0x5105;NoConversion;R/W;2;120;ecnUnit.Sekunden;10;Int;NULL;120;1800;NULL;
VBC700_BW_WW;WPR_Verdichter2_totzeit_wp~0x5106;0x5106;NoConversion;R/W;2;600;ecnUnit.Sekunden;10;Int;NULL;20;1800;NULL;
VBC700_BW_WW;WPR_Verdichter2_anlaufverzoegerung~0x5108;0x5108;NoConversion;R/W;2;120;ecnUnit.Sekunden;10;Int;NULL;10;1000;NULL;
VBC700_BW_WW;WPR_Verdichter2_optimaleLaufzeit_WP~0x510A;0x510A;NoConversion;R/W;2;120;ecnUnit.Minuten;10;Int;NULL;0;1080;NULL;
VBC700_BW_WW;WPR_Verdichter2_abtauzeit_wp~0x510B;0x510B;NoConversion;R/W;2;1800;;10;Int;NULL;10;3590;NULL;
VBC700_BW_WW;WPR_Verdichter2_maxPause_Abtaustart~0x510C;0x510C;NoConversion;R/W;2;0;ecnUnit.Sekunden;1;Int;NULL;0;600;NULL;
VBC700_BW_WW;WPR_Verdichter2_sperre_abtauung_wp~0x510D;0x510D;NoConversion;R/W;2;90;ecnUnit.Minuten;1;Int;NULL;0;240;NULL;
VBC700_BW_WW;WPR_Verdichter2_differenz_verdampfer_wp~0x510E;0x510E;NoConversion;R/W;2;3;ecnUnit.K;0,5;Float;NULL;0,5;30;NULL;
VBC700_BW_WW;WPR_Verdichter2_Temp_Abtaubeginn~0x510F;0x510F;Div10;R/W;2;0;ecnUnit.Grad C;1;Float;NULL;-200;200;NULL;
VBC700_BW_WW;WPR_Verdichter2_Temp_Abtauende~0x5110;0x5110;Div10;R/W;2;100;ecnUnit.Grad C;5;Float;NULL;0;700;NULL;
VBC700_BW_WW;WPR_Verdichter2_max_Thub_WP~0x5111;0x5111;Div10;R/W;2;80;ecnUnit.Grad C;1;Float;NULL;1;100;NULL;
VBC700_BW_WW;WPR_Verdichter2_Verdichter_auf_WW~0x5112;0x5112;NoConversion;R/W;2;1;;NULL;VarChar;NULL;NULL;NULL;0,1;NEIN,JA
VBC700_BW_WW;WPR_Verdichter2_max_t_primaer_ein_wp~0x5115;0x5115;Div10;R/W;2;350;ecnUnit.Grad C;10;Float;NULL;0;500;NULL;
VBC700_BW_WW;WPR_Verdichter2_min_t_primaer_ein_wp~0x5116;0x5116;Div10;R/W;2;-150;ecnUnit.Grad C;10;Float;NULL;-200;200;NULL;
VBC700_BW_WW;WPR_Verdichter2_Ueberhitzungssollwert~0x5119;0x5119;Div10;R/W;2;60;ecnUnit.Grad C;1;Float;NULL;30;255;NULL;
VBC700_BW_WW;WPR_Verdichter2_MOP_Grenzwert~0x511A;0x511A;Div10;R/W;2;60;ecnUnit.Bar (absolut);1;Float;NULL;2;190;NULL;
VBC700_BW_WW;WPR_Verdichter2_PWMZykluszeit_Digital_Scroll~0x511E;0x511E;NoConversion;R/W;2;20;ecnUnit.Sekunden;1;Int;NULL;10;20;NULL;
VBC700_BW_WW;WPR_Verdichter2_Oeffnungsstellung_EEV_Ventil_Startphase~0x511F;0x511F;NoConversion;R/W;1;50;ecnUnit.Prozent;1;Int;NULL;10;100;NULL;
VBC700_BW_WW;WPR_Verdichter2_Startoeffnungsdauer~0x5120;0x5120;NoConversion;R/W;2;5;ecnUnit.Sekunden;1;Int;NULL;1;30;NULL;
VBC700_BW_WW;WPR_Verdichter2_Heissgastemp_Grenzwert~0x5121;0x5121;Div10;R/W;2;1300;ecnUnit.Grad C;10;Float;NULL;1000;1400;NULL;
VBC700_BW_WW;WPR_Verdichter2_Hochdruck_Grenzwert_Absolutdruck~0x5122;0x5122;Div10;R/W;2;260;ecnUnit.Bar (absolut);1;Float;NULL;100;500;NULL;
VBC700_BW_WW;WPR_Verdichter2_Alarm_Hochdruck_Totband~0x5123;0x5123;NoConversion;R/W;2;50;ecnUnit.Bar;1;Int;NULL;10;200;NULL;
VBC700_BW_WW;WPR_Verdichter2_Ueberhitzungstemp_Grenzwert~0x5124;0x5124;Div10;R/W;2;200;ecnUnit.Grad C;10;Float;NULL;60;500;NULL;
VBC700_BW_WW;WPR_Verdichter2_Niederdruck_Grenzwert~0x5125;0x5125;Div10;R/W;2;22;ecnUnit.Bar;1;Float;NULL;0;100;NULL;
VBC700_BW_WW;WPR_Verdichter2_Niederdruck_Hysterese~0x5126;0x5126;Div10;R/W;2;7;ecnUnit.Bar (absolut);1;Float;NULL;0;20;NULL;
VBC700_BW_WW;WPR_Verdichter2_Niederdruck_Verzoegerungszeit_Verdichteranlauf~0x5127;0x5127;NoConversion;R/W;2;10;;1;Int;NULL;0;127;NULL;
VBC700_BW_WW;WPR_Verdichter2_Verdichter_DigitalScroll~0x5129;0x5129;NoConversion;R/W;1;0;;NULL;VarChar;NULL;NULL;NULL;0,1;NEIN,JA
VBC700_BW_WW;WPR_Verdichter2_LeistungVerd~0x5130;0x5130;NoConversion;R/W;1;6;;1;Int;NULL;1;255;NULL;
VBC700_BW_WW;WPR_LON_Feldbus_WP_Nr~0x5707;0x5707;NoConversion;R/W;1;1;;1;Int;NULL;1;4;NULL;
VBC700_BW_WW;WPR_LON_Anzahl_ext_WP~0x5735;0x5735;NoConversion;R/W;1;0;;1;Int;NULL;1;4;NULL;
VBC700_BW_WW;WPR_WW_Temp_soll~0x6000;0x6000;Div10;R/W;2;50;ecnUnit.Grad C;1;Float;NULL;10;70;NULL;
VBC700_BW_WW;WPR_WW_WTimer~0x6001;0x6001;NoConversion;R/W;2;1;;NULL;VarChar;NULL;NULL;NULL;0,1,2,3;AUS,REDUZIERT,NORMAL,2.SOLLTEMP
VBC700_BW_WW;WPR_WW_Betriebsart~0x6004;0x6004;NoConversion;R/W;1;3;;NULL;VarChar;NULL;NULL;NULL;0,1,2,3;STAND BY,NUR NACH SCHALTZEITEN,DREHSCHALTER,STANDARD
VBC700_BW_WW;WPR_WW_Temp_min_WWspeicher~0x6005;0x6005;Div10;R/W;2;10;ecnUnit.Grad C;1;Float;NULL;5;60;NULL;
VBC700_BW_WW;WPR_WW_Temp_max_WWspeicher~0x6006;0x6006;Div10;R/W;2;60;ecnUnit.Grad C;5;Float;NULL;20;80;NULL;
VBC700_BW_WW;WPR_WW_Hysterese_Warmwasser~0x6007;0x6007;Div10;R/W;2;7;ecnUnit.K;0,5;Float;NULL;1;10;NULL;
VBC700_BW_WW;WPR_WW_Hysterese_Warmwasser_not~0x6008;0x6008;Div10;R/W;2;10;ecnUnit.K;0,5;Float;NULL;2;30;NULL;
VBC700_BW_WW;WPR_WW_Einschaltoptimierung~0x6009;0x6009;NoConversion;R/W;1;1;;NULL;VarChar;NULL;NULL;NULL;0,1;NEIN,JA
VBC700_BW_WW;WPR_WW_Abschaltoptimierung~0x600A;0x600A;NoConversion;R/W;1;1;;NULL;VarChar;NULL;NULL;NULL;0,1;NEIN,JA
VBC700_BW_WW;WPR_WW_Legionellenautomat~0x600B;0x600B;NoConversion;R/W;1;0;;NULL;VarChar;NULL;NULL;NULL;0,1;NEIN,JA
VBC700_BW_WW;WPR_WW_Temp_Legionelle~0x600C;0x600C;Div10;R/W;2;60;ecnUnit.Grad C;1;Float;NULL;10;70;NULL;
VBC700_BW_WW;WPR_WW_TWWSpeicher_dT_dt_MigrationChange_33~0x600D;0x600D;NoConversion;R/W;2;30;ecnUnit.Grad C;1;Int;NULL;10;1000;NULL;
VBC700_BW_WW;WPR_WW_TWWSpeicher_dT_dt_MigrationChange_34~0x600D;0x600D;NoConversion;R/W;2;30;ecnUnit.Grad C;1;Int;NULL;10;1000;NULL;
VBC700_BW_WW;WPR_WW_ZweiterTempSensor~0x600E;0x600E;NoConversion;R/W;1;0;;NULL;VarChar;NULL;NULL;NULL;0,1;NEIN,JA
VBC700_BW_WW;WPR_WW_speicher_reaktion_force~0x600F;0x600F;NoConversion;R/W;1;2;;NULL;VarChar;NULL;NULL;NULL;0,1,2;KEINE WÄRMEABNAHME,NUR BEI KRITISCHEM ÜBERSCHUSS,ZU JEDER ZEIT
VBC700_BW_WW;WPR_WW_Warmwasservorrang~0x6010;0x6010;NoConversion;R/W;1;1;;NULL;VarChar;NULL;NULL;NULL;0,1;NEIN,JA
VBC700_BW_WW;WPR_WW_max_Laufzeit~0x6011;0x6011;NoConversion;R/W;2;240;ecnUnit.Minuten;10;Int;NULL;10;1000;NULL;
VBC700_BW_WW;WPR_WW_max_Unterbrechung~0x6012;0x6012;NoConversion;R/W;2;90;ecnUnit.Minuten;10;Int;NULL;10;1000;NULL;
VBC700_BW_WW;WPR_WW_EHeizWWSpeicher~0x6014;0x6014;NoConversion;R/W;1;0;;NULL;VarChar;NULL;NULL;NULL;0,1;NEIN,JA
VBC700_BW_WW;WPR_Anlagenkonfig_Anlagenschema~0x7000;0x7000;NoConversion;R/W;1;2;;NULL;VarChar;NULL;NULL;NULL;0,1,2,3,4,5,6,7,8,9,10,11;0: WW,1: 1 HK,2: 1 HK WW,3: 0 HK 1 MHK,4: 0 HK 1 MHK WW,5: 1 HK 1 MHK,6: 1 HK 1 MHK WW,7: 0 HK 1 MHK 1 MHK,8: 0 HK 1 MHK 1 MHK WW,9: 1 HK 1 MHK 1 MHK,10: 1 HK 1 MHK 1 MHK WW,11: Fremdansteuerung
VBC700_BW_WW;WPR_Anlagenschema~0x7000;0x7000;NoConversion;R;1;;;NULL;VarChar;NULL;NULL;NULL;0,1,2,3,4,5,6,7,8,9,10,11;0: 0 WW,1: 1 HK,2: 1 HK + WW,3: 0 HK + 1 MHK,4: 0 HK + 1 MHK + WW,5: 1 HK + 1 MHK,6: 1 HK + 1 MHK + WW,7: 0 HK + 1 MHK + 1 MHK,8: 0 HK + 1 MHK + 1 MHK + WW,9: 1 HK + 1 MHK + 1 MHK,10: 1 HK + 1 MHK + 1 MHK + WW,11: Fremdansteuerung
VBC700_BW_WW;WPR_Anlagenkonfig_Sprache~0x7001;0x7001;NoConversion;R/W;1;0;;NULL;VarChar;NULL;NULL;NULL;0,1,2,3,4,5,6,7,8;Deutsch,Englisch,Französisch,Italienisch,Schwedisch,Niederländisch,Finnisch,Polnisch,Tschechisch
VBC700_BW_WW;WPR_Anlagenkonfig_Mittelzeit_aussentemperatur~0x7002;0x7002;NoConversion;R/W;2;180;ecnUnit.Minuten;10;Int;NULL;10;6000;NULL;
VBC700_BW_WW;WPR_Anlagenkonfig_Hysterese_Heizgrenze~0x7003;0x7003;Div10;R/W;2;4;ecnUnit.K;0,5;Int;NULL;0;20;NULL;
VBC700_BW_WW;WPR_Anlagenkonfig_Hysterese_Kuehlgrenze~0x7004;0x7004;Div10;R/W;2;4;ecnUnit.K;0,5;Int;NULL;0;20;NULL;
VBC700_BW_WW;WPR_Anlagenkonfig_Hysterese_TempGrenze_red_BA~0x7005;0x7005;Div10;R/W;2;-40;ecnUnit.Grad C;10;Float;NULL;-40;60;NULL;
VBC700_BW_WW;WPR_Anlagenkonfig_Frostschutztemperatur~0x7006;0x7006;Div10;R/W;2;1;ecnUnit.Grad C;0,1;Float;NULL;-15;15;NULL;
VBC700_BW_WW;WPR_Anlagenkonfig_Primearpumpe_NatCooling~0x7007;0x7007;NoConversion;R/W;1;0;;NULL;VarChar;NULL;NULL;NULL;0,1;JA,NEIN
VBC700_BW_WW;WPR_Anlagenkonfig_Schwimmbad~0x7008;0x7008;NoConversion;R/W;1;0;;NULL;VarChar;NULL;NULL;NULL;0,1;JA,NEIN
VBC700_BW_WW;WPR_Anlagenkonfig_Kaskade~0x700A;0x700A;NoConversion;R/W;1;0;;NULL;VarChar;NULL;NULL;NULL;0,1,2;0: keine,1: Kaskade über H1,2: LON-Kaskade
VBC700_BW_WW;WPR_Anlagenkonfig_LeistungFolgeWP~0x700B;0x700B;NoConversion;R/W;1;1;;1;Int;NULL;0;255;NULL;
VBC700_BW_WW;WPR_Anlagenkonfig_Ext_WP_auf_Cool~0x700D;0x700D;NoConversion;R/W;1;0;;NULL;VarChar;NULL;NULL;NULL;0,1;NEIN,JA
VBC700_BW_WW;WPR_Anlagenkonfig_Ext_WP_auf_WW~0x700E;0x700E;NoConversion;R/W;1;0;;NULL;VarChar;NULL;NULL;NULL;0,1;NEIN,JA
VBC700_BW_WW;WPR_Anlagenkonfig_Mischertyp~0x700F;0x700F;NoConversion;R/W;1;1;;NULL;VarChar;NULL;NULL;NULL;0,1;0: NR1 (GK 0x71),1: NRF (GK 0x73)
VBC700_BW_WW;WPR_Anlagenkonfig_Ext_Anschlusserw_vorhanden~0x7010;0x7010;NoConversion;R/W;1;0;;NULL;VarChar;NULL;NULL;NULL;0,1;JA,NEIN
VBC700_BW_WW;WPR_Anlagenkonfig_BA_UmschaltungAufHK~0x7011;0x7011;NoConversion;R/W;1;11;;NULL;VarChar;NULL;NULL;NULL;0,1,2,3,4,5,6,7,8,9,10,11;0: WW,1: 1 HK,2: 1 HK WW,3: 0 HK 1 MHK,4: 0 HK 1 MHK WW,5: 1 HK 1 MHK,6: 1 HK 1 MHK WW,7: 0 HK 1 MHK 1 MHK,8: 0 HK 1 MHK 1 MHK WW,9: 1 HK 1 MHK 1 MHK,10: 1 HK 1 MHK 1MHK WW,11: keine Umschaltung
VBC700_BW_WW;WPR_Anlagenkonfig_BA_Umschaltung_Wirkung~0x7012;0x7012;NoConversion;R/W;1;2;;NULL;VarChar;NULL;NULL;NULL;0,1,2,3;STAND BY,REDUZIERT,NORMAL,FESTWERT
VBC700_BW_WW;WPR_Anlagenkonfig_BA_Umschaltung_Dauer~0x7013;0x7013;NoConversion;R/W;1;8;;1;Int;NULL;0;12;NULL;
VBC700_BW_WW;WPR_Anlagenkonfig_ExternAnf_MiAuf~0x7014;0x7014;NoConversion;R/W;1;4;;NULL;VarChar;NULL;NULL;NULL;0,1,2,3,4,5,6,7;0: M2 Regelbetrieb M3 Regelbetrieb Anforderung keine Wirkung,1: M2 AUF M3 Regelbetrieb Anforderung keine Wirkung,2: M2 Regelbetrieb M3 AUF Anforderung keine Wirkung,3: M2 AUF M3 AUF Anforderung keine Wirkung,4: M2 Regelbetrieb M3 Regelbetrieb Anforderung Wirkung,5: M2 AUF M3 Regelbetrieb Anforderung Wirkung,6: M2 Regelbetrieb M3 AUF Anforderung Wirkung,7: M2 AUF M3 AUF Anforderung Wirkung
VBC700_BW_WW;WPR_Anlagenkonfig_ExternSperren_MiZu~0x7015;0x7015;NoConversion;R/W;1;4;;NULL;VarChar;NULL;NULL;NULL;0,1,2,3,4,5,6,7,8;0: M2 Regelbetrieb M3 Regelbetrieb Sperren keine Wirkung,1: M2 AUF M3 Regelbetrieb Sperren keine Wirkung,2: M2 Regelbetrieb M3 AUF Sperren keine Wirkung,3: M2 AUF M3 AUF Sperren keine Wirkung,4: M2 Regelbetrieb M3 Regelbetrieb Sperren Wirkung,5: M2 AUF M3 Regelbetrieb Sperren Wirkung,6: M2 Regelbetrieb M3 AUF Sperren Wirkung,7: M2 AUF M3 AUF Sperren Wirkung,8: Extern Sperren von AC M2 Regelbetrieb M3 Regelbetrieb Sperren Wirkung
VBC700_BW_WW;WPR_Anlagenkonfig_Vitosolic100200~0x7016;0x7016;NoConversion;R/W;1;0;;NULL;VarChar;NULL;NULL;NULL;0,1,2;0: KEINE,1: Vitosolic 100,2: Vitosolic 200
VBC700_BW_WW;WPR_Anlagenkonfig_Vitocom100~0x7017;0x7017;NoConversion;R/W;1;0;;NULL;VarChar;NULL;NULL;NULL;0,1;NEIN,JA
VBC700_BW_WW;WPR_Anlagenkonfig_Wertebereich0_10V~0x7018;0x7018;NoConversion;R/W;2;1000;;1;Int;NULL;0;1000;NULL;
VBC700_BW_WW;WPR_Anlagenkonfig_PrioExtAnf~0x7019;0x7019;NoConversion;R/W;1;0;;NULL;VarChar;NULL;NULL;NULL;0,1;NIEDRIGE PRIORITÄT,HOHE PRIORITÄT
VBC700_BW_WW;WPR_Anlagenkonfig_ExternSperrenWirkung_HKP1~0x701A;0x701A;NoConversion;R/W;1;0;;NULL;VarChar;NULL;NULL;NULL;0,1;REGELBETRIEB,AUS
VBC700_BW_WW;WPR_Anlagenkonfig_ExternSperrenWirkung_HKP2~0x701A;0x701A;NoConversion;R/W;1;0;;NULL;VarChar;NULL;NULL;NULL;0,1;REGELBETRIEB,AUS
VBC700_BW_WW;WPR_Anlagenkonfig_ExternSperrenWirkung_HKP3~0x701A;0x701A;NoConversion;R/W;1;0;;NULL;VarChar;NULL;NULL;NULL;0,1;REGELBETRIEB,AUS
VBC700_BW_WW;WPR_Anlagenkonfig_ExternSperrenWirkung_PrimPumpeVentilator~0x701A;0x701A;NoConversion;R/W;1;0;;NULL;VarChar;NULL;NULL;NULL;0,1;REGELBETRIEB,AUS
VBC700_BW_WW;WPR_Anlagenkonfig_ExternSperrenWirkung_SekPumpe~0x701A;0x701A;NoConversion;R/W;1;0;;NULL;VarChar;NULL;NULL;NULL;0,1;REGELBETRIEB,AUS
VBC700_BW_WW;WPR_Anlagenkonfig_ExternSperrenWirkung_SLP~0x701A;0x701A;NoConversion;R/W;1;0;;NULL;VarChar;NULL;NULL;NULL;0,1;REGELBETRIEB,AUS
VBC700_BW_WW;WPR_Anlagenkonfig_TypNCMischer~0x701B;0x701B;NoConversion;R/W;1;0;;NULL;VarChar;NULL;NULL;NULL;0,1;0: KM-BUS MISCHER,1: INTERNER MISCHER
VBC700_BW_WW;WPR_SepNCKreis_NatCooling_Kreis~0x7100;0x7100;NoConversion;R/W;1;0;;NULL;VarChar;NULL;NULL;NULL;0,1,2,3;Keine Kühlung,Natural Cooling,NC mit Mischer,Active Cooling
VBC700_BW_WW;WPR_SepNCKreis_NatCooling_Kuehlkreis~0x7101;0x7101;NoConversion;R/W;1;;;NULL;VarChar;NULL;NULL;NULL;1,2,3,4;Kühlen auf HK1,Kühlen auf HK2,Kühlen auf HK3,Kühlen auf separaten Kühlkreis
VBC700_BW_WW;WPR_SepNCKreis_NatCooling_Raumtemperatur~0x7101;0x7101;Div10;R/W;2;20;ecnUnit.Grad C;1;Float;NULL;10;30;NULL;
VBC700_BW_WW;WPR_SepNCKreis_NatCooling_HystereseRaumtemperatur~0x7102;0x7102;Div10;R/W;2;1;ecnUnit.K;1;Float;NULL;0,5;10;NULL;
VBC700_BW_WW;WPR_SepNCKreis_NatCooling_Raumregelung~0x7103;0x7103;NoConversion;R/W;1;1;;NULL;VarChar;NULL;NULL;NULL;0,1;NEIN,JA
VBC700_BW_WW;WPR_SepNCKreis_NatCooling_Neigung_Raumaufschaltung~0x7104;0x7104;Div10;R/W;2;0;;1;Float;NULL;0;5;NULL;
VBC700_BW_WW;WPR_SepNCKreis_NatCooling_Niveau_Kuehlkennlinie~0x7105;0x7105;Div10;R/W;2;0;;10;Float;NULL;-15;40;NULL;
VBC700_BW_WW;WPR_SepNCKreis_NatCooling_Neigung_Kuehlkennlinie~0x7106;0x7106;Div10;R/W;2;1.2;;1;Float;NULL;0;3,5;NULL;
VBC700_BW_WW;WPR_SepNCKreis_NatCooling_Integralanteil_Raumregler~0x7107;0x7107;NoConversion;R/W;2;100;;5;Int;NULL;5;1000;NULL;
VBC700_BW_WW;WPR_SepNCKreis_NatCooling_min_Vorlauftemperatur~0x7108;0x7108;Div10;R/W;2;10;ecnUnit.Grad C;1;Float;NULL;1;30;NULL;
VBC700_BW_WW;WPR_SepNCKreis_NatCooling_Laufzeit_Mischer~0x710A;0x710A;NoConversion;R/W;2;125;ecnUnit.Sekunden;1;Int;NULL;5;255;NULL;
VBC700_BW_WW;WPR_SepNCKreis_NatCooling_Tastband_Mischer~0x710B;0x710B;Div10;R/W;2;4;;5;Float;NULL;2;40;NULL;
VBC700_BW_WW;WPR_SepNCKreis_NatCooling_Totband_Mischer~0x710C;0x710C;Div10;R/W;2;1;;1;Float;NULL;0,5;3;NULL;
VBC700_BW_WW;WPR_SepNCKreis_NatCooling_RaumTempSens_Rangierung~0x710D;0x710D;NoConversion;R/W;1;0;;NULL;VarChar;NULL;NULL;NULL;0,1,2,3;0: Verwendung des NC-Raumsensors,1: Verwendung des HK1-Raumsensors,2: Verwendung des HK2-Raumsensors,3: Verwendung des HK3-Raumsensors
VBC700_BW_WW;WPR_HeizSpeicher_Heizspeicher~0x7200;0x7200;NoConversion;R/W;1;0;;NULL;VarChar;NULL;NULL;NULL;0,1;NEIN,JA
VBC700_BW_WW;WPR_HeizSpeicher_Wtimer_Puffer~0x7201;0x7201;NoConversion;R/W;2;2;;NULL;VarChar;NULL;NULL;NULL;0,1,2,3;0: AUS,1: OBERER SENSOR,2: NORMAL,3: FESTWERT
VBC700_BW_WW;WPR_HeizSpeicher_SollTemp_Heizspeicher~0x7202;0x7202;Div10;R/W;2;50;ecnUnit.Grad C;1;Float;NULL;1;70;NULL;
VBC700_BW_WW;WPR_HeizSpeicher_hysterese_heizspeicher~0x7203;0x7203;Div10;R/W;2;5;ecnUnit.K;10;Float;NULL;2;20;NULL;
VBC700_BW_WW;WPR_HeizSpeicher_MaxTemp_Heizspeicher~0x7204;0x7204;Div10;R/W;2;60;ecnUnit.Grad C;1;Float;NULL;1;70;NULL;
VBC700_BW_WW;WPR_HeizSpeicher_Abschaltoptimierung_HS~0x7205;0x7205;NoConversion;R/W;1;0;;NULL;VarChar;NULL;NULL;NULL;0,1;NEIN,JA
VBC700_BW_WW;WPR_HeizSpeicher_reaktion_force~0x7206;0x7206;NoConversion;R/W;1;2;;NULL;VarChar;NULL;NULL;NULL;0,1,2;0: KEINE WÄRMEABNAHME,1: NUR BEI KRITISCHEM ÜBERSCHUSS,2: ZU JEDER ZEIT
VBC700_BW_WW;WPR_Hydraulik_Waermepumpe_fuer_Bautrocknung~0x7300;0x7300;NoConversion;R/W;1;0;;NULL;VarChar;NULL;NULL;NULL;0,1;NEIN,JA
VBC700_BW_WW;WPR_Hydraulik_Estrichprogramm~0x7303;0x7303;NoConversion;R/W;1;0;;NULL;VarChar;NULL;NULL;NULL;0,1,2,3,4,5,6,7,8,9,10,11,12,13;0: kein,1: Temperatur-Zeit-Profil 1 (nach EN 1264-4),2: Temperatur-Zeit-Profil 2 ( nach ZV Parkett- und Fußbodentechnik),3: Temperatur-Zeit-Profil 3 (nach ÖNORM),4: Temperatur-Zeit-Profil 4 (s. MA/SA),5: Temperatur-Zeit-Profil 5 (s. MA/SA),6: Temperatur-Zeit-Profil 6 (s. MA/SA),7: 5 Tage auf Festwert,8: 10 Tage auf Festwert,9: 15 Tage auf Festwert,10: 20 Tage auf Festwert,11: 25 Tage auf Festwert,12: 30 Tage auf Festwert,13..15: frei
VBC700_BW_WW;WPR_Hydraulik_hysterese_vorlauf~0x7304;0x7304;Div10;R/W;2;2;ecnUnit.K;1;Float;NULL;0,5;5;NULL;
VBC700_BW_WW;WPR_Hydraulik_integralanteil_ventil~0x7305;0x7305;NoConversion;R/W;1;30;;1;Int;NULL;0;50;NULL;
VBC700_BW_WW;WPR_Hydraulik_proportional_ventil~0x7306;0x7306;NoConversion;R/W;1;30;;1;Int;NULL;0;100;NULL;
VBC700_BW_WW;WPR_Hydraulik_max_schrittzahl_3W_Ventil~0x7307;0x7307;NoConversion;R/W;2;320;;1;Int;NULL;-30000;30000;NULL;
VBC700_BW_WW;WPR_Hydraulik_nachlauf_verdichter~0x7309;0x7309;NoConversion;R/W;2;120;ecnUnit.Sekunden;1;Int;NULL;0;600;NULL;
VBC700_BW_WW;WPR_Hydraulik_nachlauf_hydraulikkreis~0x730B;0x730B;NoConversion;R/W;2;120;ecnUnit.Sekunden;10;Int;NULL;10;300;NULL;
VBC700_BW_WW;WPR_Hydraulik_VorlaufTempSoll_ExtAnf~0x730C;0x730C;Div10;R/W;2;50;ecnUnit.Grad C;1;Float;NULL;0;70;NULL;
VBC700_BW_WW;WPR_LONObjekte_Kommodul_LON_vorh~0x7710;0x7710;NoConversion;R/W;1;0;;NULL;VarChar;NULL;NULL;NULL;0,1;NEIN,JA
VBC700_BW_WW;WPR_LONObjekte_Feldbus_TeilnehmerNr~0x7777;0x7777;NoConversion;R/W;1;1;;1;Binary;NULL;1;99;NULL;
VBC700_BW_WW;WPR_Teilnehmernummer~0x7777;0x7777;NoConversion;R/W;1;1;;1;Int;NULL;1;99;NULL;
VBC700_BW_WW;K79_KonfiFehlerManagerV100_V050_D~0x7779;0x7779;NoConversion;R;1;0;;NULL;VarChar;NULL;NULL;NULL;0,1;kein Manager,Fehlermanager
VBC700_BW_WW;WPR_LONObjekte_Fehlermanager~0x7779;0x7779;NoConversion;R/W;1;0;;NULL;VarChar;NULL;NULL;NULL;0,1;NEIN,JA
VBC700_BW_WW;WPR_LONObjekte_AussenTemp~0x7797;0x7797;NoConversion;R/W;1;0;;NULL;VarChar;NULL;NULL;NULL;0,1,2;0: lokal,1: vom Feldbus (z.B. LON) empfangen,2: auf Feldbus (z.B. LON) senden
VBC700_BW_WW;K98_KonfiVI_Anlagennummer_D~0x7798;0x7798;NoConversion;R;1;1;;1;Int;NULL;1;5;NULL;
VBC700_BW_WW;WPR_LONObjekte_AnlagenNr~0x7798;0x7798;NoConversion;R/W;1;1;;NULL;Int;NULL;NULL;NULL;NULL;
VBC700_BW_WW;WPR_LONObjekte_Feldbus_RecieveHeartbeat~0x779C;0x779C;NoConversion;R/W;1;20;ecnUnit.Minuten;1;Int;NULL;0;60;NULL;
VBC700_BW_WW;WPR_LONObjekte_Feldbus_Uhrzeit~0x77FF;0x77FF;NoConversion;R/W;1;0;;NULL;VarChar;NULL;NULL;NULL;0,1,2;0: lokal,1: vom Feldbus (z.B. LON) empfangen,2: auf Feldbus (z.B. LON) senden
VBC700_BW_WW;WPR_eHeizung_vorhanden~0x7900;0x7900;NoConversion;R/W;1;1;;NULL;VarChar;NULL;NULL;NULL;0,1;NEIN,JA
VBC700_BW_WW;WPR_eHeizung_Heizbetrieb_mit_Elektro~0x7902;0x7902;NoConversion;R/W;1;1;;NULL;VarChar;NULL;NULL;NULL;0,1;NEIN,JA
VBC700_BW_WW;WPR_eHeizung_Warmwasser_mit_Elektro~0x7903;0x7903;NoConversion;R/W;1;1;;NULL;VarChar;NULL;NULL;NULL;0,1;NEIN,JA
VBC700_BW_WW;WPR_eHeizung_Temp_vorlauf_max_elektro~0x7904;0x7904;Div10;R/W;2;65;ecnUnit.Grad C;1;Float;NULL;5;75;NULL;
VBC700_BW_WW;WPR_eHeizung_totzeit_einschalt_elektro~0x7905;0x7905;NoConversion;R/W;2;30;;10;Int;NULL;0;300;NULL;
VBC700_BW_WW;WPR_eHeizung_hysterese_heizung_elektro_not~0x7906;0x7906;NoConversion;R/W;2;300;ecnUnit.K Min;10;Int;NULL;10;30000;NULL;
VBC700_BW_WW;WPR_eHeizung_max_Stufe_Elektro~0x7907;0x7907;NoConversion;R/W;1;2;;NULL;VarChar;NULL;NULL;NULL;1,2,3;1: 1.Durchlauferhitzer,2: 2. Durchlauferhitzer,3: 1. und 2. Durchlauferhitzer
VBC700_BW_WW;WPR_eHeizung_sperrzeit_Eheiz~0x7908;0x7908;NoConversion;R/W;2;0;;10;Int;NULL;0;1080;NULL;
VBC700_BW_WW;WPR_eHeizung_Eheizstufe_sperreStromausfall~0x7909;0x7909;NoConversion;R/W;1;0;;NULL;VarChar;NULL;NULL;NULL;0,1,2;0: 3 kW,1: 6 kW,2: 9 kW
VBC700_BW_WW;WPR_eHeizung_Eheizstufe_EVUSperre~0x790A;0x790A;NoConversion;R/W;2;0;;NULL;VarChar;NULL;NULL;NULL;0,1,2,3;0: keine Stufen sind freigegeben,1: 1. Druchaluferhitzer,2: 2. Druchaluferhitzer,3: 3. Druchaluferhitzer
VBC700_BW_WW;WPR_Solaranlage_TempMax_solar~0x7A01;0x7A01;Div10;R/W;2;130;ecnUnit.Grad C;NULL;Float;NULL;NULL;NULL;NULL;
VBC700_BW_WW;WPR_Solaranlage_Hysterese_SolarEin~0x7A02;0x7A02;Div10;R/W;2;7;ecnUnit.K;NULL;Float;NULL;NULL;NULL;NULL;
VBC700_BW_WW;WPR_Solaranlage_Hysterese_SolarAus~0x7A03;0x7A03;Div10;R/W;2;3;ecnUnit.K;NULL;Float;NULL;NULL;NULL;NULL;
VBC700_BW_WW;WPR_Solaranlage_Hysterese_Pumpenknick~0x7A04;0x7A04;NoConversion;R/W;2;35;;1;Int;NULL;20;200;NULL;
VBC700_BW_WW;WPR_Solaranlage_Laufzeit_Pumpenknick~0x7A05;0x7A05;NoConversion;R/W;2;15;;1;Int;NULL;1;60;NULL;
VBC700_BW_WW;WPR_Solaranlage_Totzeit_Pumpenknick~0x7A06;0x7A06;NoConversion;R/W;2;60;;30;Int;NULL;60;3600;NULL;
VBC700_BW_WW;WPR_Solaranlage_Volumenstrom_Solar~0x7A07;0x7A07;NoConversion;R/W;2;100;ecnUnit.cbm pro h;10;Int;NULL;10;500;NULL;
VBC700_BW_WW;WPR_Solaranlage_Solarertrag_Enable~0x7A08;0x7A08;NoConversion;R/W;1;1;;NULL;VarChar;NULL;NULL;NULL;0,1;NEIN,JA
VBC700_BW_WW;WPR_Solaranlage_Rueckschlagklappenfehler~0x7A09;0x7A09;NoConversion;R/W;1;1;;NULL;VarChar;NULL;NULL;NULL;0,1;NEIN,JA
VBC700_BW_WW;WPR_extWE_ExtWaermeerzeuger~0x7B00;0x7B00;NoConversion;R/W;1;0;;NULL;VarChar;NULL;NULL;NULL;0,1;NEIN,JA
VBC700_BW_WW;WPR_extWE_Vorrang~0x7B01;0x7B01;NoConversion;R/W;1;1;;NULL;VarChar;NULL;NULL;NULL;0,1;NEIN,JA
VBC700_BW_WW;WPR_extWE_TambMax~0x7B02;0x7B02;Div10;R/W;2;10;ecnUnit.Grad C;1;Float;NULL;-50;50;NULL;
VBC700_BW_WW;WPR_extWE_Hysterese_extWE~0x7B03;0x7B03;NoConversion;R/W;2;300;ecnUnit.K Min;10;Int;NULL;10;30000;NULL;
VBC700_BW_WW;WPR_extWE_totzeit_einschalt_extWE~0x7B04;0x7B04;NoConversion;R/W;2;30;ecnUnit.Minuten;10;Int;NULL;0;300;NULL;
VBC700_BW_WW;WPR_extWE_Temp_Mischer_extWE~0x7B05;0x7B05;NoConversion;R/W;2;20;ecnUnit.Grad C;1;Int;NULL;0;80;NULL;
VBC700_BW_WW;WPR_extWE_minLaufzeit~0x7B06;0x7B06;NoConversion;R/W;2;120;;10;Int;NULL;0;1440;NULL;
VBC700_BW_WW;WPR_extWE_Laufzeit~0x7B07;0x7B07;NoConversion;R/W;2;120;;10;Int;NULL;0;1440;NULL;
VBC700_BW_WW;WPR_extWE_Laufzeit_extWEMischer~0x7B08;0x7B08;NoConversion;R/W;2;125;ecnUnit.Sekunden;1;Int;NULL;5;255;NULL;
VBC700_BW_WW;WPR_extWE_Tastband_extWEMischer~0x7B09;0x7B09;NoConversion;R/W;2;40;;5;Int;NULL;20;400;NULL;
VBC700_BW_WW;WPR_extWE_Totband_extWEMischer~0x7B0A;0x7B0A;NoConversion;R/W;2;10;;1;Int;NULL;5;30;NULL;
VBC700_BW_WW;WPR_extWE_Niveau_extWEMischer~0x7B0B;0x7B0B;NoConversion;R/W;2;0;;10;Int;NULL;-200;200;NULL;
VBC700_BW_WW;WPR_extWE_auf_WW~0x7B0D;0x7B0D;NoConversion;R/W;2;0;;NULL;VarChar;NULL;NULL;NULL;0,1;NEIN,JA
VBC700_BW_WW;WPR_extWE_Bivalentbetrieb~0x7B0E;0x7B0E;NoConversion;R/W;2;1;;NULL;VarChar;NULL;NULL;NULL;0,1;NEIN,JA
VBC700_BW_WW;WPR_Uhrzeit_Zeitumstellung~0x7C00;0x7C00;NoConversion;R/W;1;1;;NULL;VarChar;NULL;NULL;NULL;0,1;NEIN,JA
VBC700_BW_WW;WPR_Uhrzeit_Sommer_Monat~0x7C01;0x7C01;NoConversion;R/W;1;3;;1;Int;NULL;1;12;NULL;
VBC700_BW_WW;WPR_Uhrzeit_Sommer_Woche~0x7C02;0x7C02;NoConversion;R/W;1;5;;1;Int;NULL;1;14;NULL;
VBC700_BW_WW;WPR_Uhrzeit_Sommer_Tag~0x7C03;0x7C03;NoConversion;R/W;1;7;;1;Int;NULL;1;7;NULL;
VBC700_BW_WW;WPR_Uhrzeit_Winter_Monat~0x7C04;0x7C04;NoConversion;R/W;1;10;;1;Int;NULL;1;12;NULL;
VBC700_BW_WW;WPR_Uhrzeit_Winter_Woche~0x7C05;0x7C05;NoConversion;R/W;1;5;;1;Int;NULL;1;14;NULL;
VBC700_BW_WW;WPR_Uhrzeit_Winter_Tag~0x7C06;0x7C06;NoConversion;R/W;1;7;;1;Int;NULL;1;7;NULL;
VBC700_BW_WW;WPR_Tagesprogramm_HK1~0x9000;0x9000;NoConversion;R/W;168;0xAAAAAAAAAAAAAAAAAAAAAAAAAAAAAAAAAAAAAAAAAAAAAAAAAAAAAAAAAAAAAAAAAAAAAAAAAAAAAAAAAAAAAAAAAAAAAAAAAAAAAAAAAAAAAAAAAAAAAAAAAAAAAAAAAAAAAAAAAAAAAAAAAAAAAAAAAAAAAAAAAAAAAAAAAAAAAAAAAAAAAAAAAAAAAAAAAAAAAAAAAAAAAAAAAAAAAAAAAAAAAAAAAAAAAAAAAAAAAAAAAAAAAAAAAAAAAAAAAAAAAAAAAAAAAAAAAAAAAAAAAAAAAAAAAAAAAAAAAAAAAAAAAAAAAAAAAAAAAAAAAAAAAAAAAAAAAAAA;;NULL;Binary;NULL;NULL;NULL;NULL;Allgemeiner Wertetyp für Schaltzeiten
VBC700_BW_WW;WPR_vmarSchaltzeitenGroup_1_0~0x9000;0x9000;NoConversion;R/W;24;;;NULL;Binary;NULL;NULL;NULL;NULL;
VBC700_BW_WW;WPR_Tagesprogramm_HK2~0x9007;0x9007;NoConversion;R/W;168;0xAAAAAAAAAAAAAAAAAAAAAAAAAAAAAAAAAAAAAAAAAAAAAAAAAAAAAAAAAAAAAAAAAAAAAAAAAAAAAAAAAAAAAAAAAAAAAAAAAAAAAAAAAAAAAAAAAAAAAAAAAAAAAAAAAAAAAAAAAAAAAAAAAAAAAAAAAAAAAAAAAAAAAAAAAAAAAAAAAAAAAAAAAAAAAAAAAAAAAAAAAAAAAAAAAAAAAAAAAAAAAAAAAAAAAAAAAAAAAAAAAAAAAAAAAAAAAAAAAAAAAAAAAAAAAAAAAAAAAAAAAAAAAAAAAAAAAAAAAAAAAAAAAAAAAAAAAAAAAAAAAAAAAAAAAAAAAAAA;;NULL;Binary;NULL;NULL;NULL;NULL;Allgemeiner Wertetyp für Schaltzeiten
VBC700_BW_WW;WPR_Tagesprogramm_HK3~0x900E;0x900E;NoConversion;R/W;168;0xAAAAAAAAAAAAAAAAAAAAAAAAAAAAAAAAAAAAAAAAAAAAAAAAAAAAAAAAAAAAAAAAAAAAAAAAAAAAAAAAAAAAAAAAAAAAAAAAAAAAAAAAAAAAAAAAAAAAAAAAAAAAAAAAAAAAAAAAAAAAAAAAAAAAAAAAAAAAAAAAAAAAAAAAAAAAAAAAAAAAAAAAAAAAAAAAAAAAAAAAAAAAAAAAAAAAAAAAAAAAAAAAAAAAAAAAAAAAAAAAAAAAAAAAAAAAAAAAAAAAAAAAAAAAAAAAAAAAAAAAAAAAAAAAAAAAAAAAAAAAAAAAAAAAAAAAAAAAAAAAAAAAAAAAAAAAAAAA;;NULL;Binary;NULL;NULL;NULL;NULL;Allgemeiner Wertetyp für Schaltzeiten
VBC700_BW_WW;WPR_Tagesprogramm_PSP~0x9015;0x9015;NoConversion;R/W;168;0xAAAAAAAAAAAAAAAAAAAAAAAAAAAAAAAAAAAAAAAAAAAAAAAAAAAAAAAAAAAAAAAAAAAAAAAAAAAAAAAAAAAAAAAAAAAAAAAAAAAAAAAAAAAAAAAAAAAAAAAAAAAAAAAAAAAAAAAAAAAAAAAAAAAAAAAAAAAAAAAAAAAAAAAAAAAAAAAAAAAAAAAAAAAAAAAAAAAAAAAAAAAAAAAAAAAAAAAAAAAAAAAAAAAAAAAAAAAAAAAAAAAAAAAAAAAAAAAAAAAAAAAAAAAAAAAAAAAAAAAAAAAAAAAAAAAAAAAAAAAAAAAAAAAAAAAAAAAAAAAAAAAAAAAAAAAAAAAA;;NULL;Binary;NULL;NULL;NULL;NULL;Allgemeiner Wertetyp für Schaltzeiten
VBC700_BW_WW;WPR_Tagesprogramm_WW~0x901C;0x901C;NoConversion;R/W;168;0x555555555555555555555555555555555555555555555555555555555555555555555555555555555555555555555555555555555555555555555555555555555555555555555555555555555555555555555555555555555555555555555555555555555555555555555555555555555555555555555555555555555555555555555555555555555555555555555555555555555555555555555555555555555555555555555555;;NULL;Binary;NULL;NULL;NULL;NULL;Allgemeiner Wertetyp für Schaltzeiten
VBC700_BW_WW;WPR_RelaisStatus_Verdichter1_Neu~0xB443;0xB443;NoConversion;R;1;;;NULL;VarChar;NULL;NULL;NULL;0,1;,
VBC700_BW_WW;DatabaseVersionForExport;Databa;NoConversion;R;5;1.0.0;;NULL;NText;NULL;NULL;NULL;NULL;
VBC700_BW_WW;ecnStatusEventType;ecnSta;NoConversion;R;0;;;NULL;VarChar;NULL;NULL;NULL;0,1,2,3;ecnStatusEventType~Undefined,ecnStatusEventType~OK,ecnStatusEventType~Warning,ecnStatusEventType~Error
VBC700_BW_WW;ecnsysEventType~ErrorNotification;ErrorN;NoConversion;R;NULL;;;NULL;VarChar;NULL;NULL;NULL;NULL;e-ControlNet System Parameter
VBC700_BW_WW;ecnsysEventType~WPRError;WPRErr;NoConversion;R;240;;;NULL;Binary;NULL;NULL;NULL;NULL;
VBC700_BW_WW;ecnsysEventType~WPRErrorIndex;WPRErr;NoConversion;R;128;;;NULL;Binary;NULL;NULL;NULL;NULL;